0x233c5a94bf45fff638af734c7925fd8e2cbf127c,"50,036.05"
0x68d78cbab080a6d6c20437fd7f83c41c2c41a16a,"42,309.51"
0xf1c893111134f7baa6e7fa40d26622e8b850c36a,"29,303.72"
0x0a3e5f0740e65d6eafebe19cba936701d5b650d2,"6,610.88"
0xc5da3b9e2c398eec5dcc7cfe8897b61b59c72258,"5,382.97"
0x9b5c1268ec21624a8d5972b2976df386fd4170e1,"4,665.68"
0x386ea9c0ba6c70d456d6a82887bfd2459d3c5141,"4,176.17"
0x8262e84fdd4e4911d49ab33f954018d306034039,"2,790.68"
0x86001ba0ea98a08ae8c1ce81d011008075399387,"2,762.59"
0x73b221e59c498aecbb00d6324dd1b979776bfb09,"2,500"
0x00ba9fb57105c94bcb55546add0290d26bee0141,"2,492.55"
0x8dd0865bd9532a1320d72b5faeaf08d5d3c9b61c,"2,000"
0x140e7364ee4e29a677a9d6ccf26ac945e7e80b65,"1,662.18"
0xd7877918bdc1c64c73aa22c33d681c67fbb1331e,"1,349.35"
0x25cb64aa24f560a0719e92f4ebff2876f0da4267,999.9348278
0x7e013763e743b573ec4f7d28ecfeab33ef9b1ad8,947.8683022
0xda62116ffc0da16202fc7bfe1b8ff3ff1c3c27d1,875.8468981
0x7d7627e0be27d488cc10f88315bc4f2823fb5e35,759.7413631
0xb78c453472d965426f00b308446cf32639d98547,304.4013295
0xda9434e626dff1e4d07a8ca20ee856132894e775,290.4899902
0x9d7246ae0e465515de63f1ca53e5a016da3608e9,248.7382355
0xe1ca08a23029631890db0e7f3f82bd42af25a3d8,134.5875952
0x65a8f07bd9a8598e1b5b6c0a88f4779dbc077675,106.297648
0x4cb6f0ef0eeb503f8065af1a6e6d5dd46197d3d9,29.61136132
0x06084dab96c870ce266d16e78ee59aae68298fbd,11.76633796
0xcf5dd4b30bf1702cd14e042064f172175c60f1da,10
0x267aeb80f5bcbde3122dda9ab95b422d5d629ed6,"1,568,831.32"
0xd7d3c2e5576e14aa2fcd8c9b91e13dcff2d30b54,"1,551,710.34"
0x5e054b452c5a9021696bd4dc46a3f285a5307290,"1,250,000"
0x7d78752274b9c0088bf2b01bc6b5f8e28ff84c33,"1,133,333.33"
0x4fe8a9e4c11ec472040822b4f1e218034be90b9b,"500,000"
0x739ac7e610cfd62cee7d4498025f80c9ec74cd45,"290,962.05"
0xcdb568b33703345de96e751edfadb05c1d025088,"276,562.46"
0x7d7627e0be27d488cc10f88315bc4f2823fb5e35,"151,540"
0xafca8e2986d7f2df9e5bd06c7fde76988fbaf816,"100,000"
0xe598c65f960a8c39b539f31cabf2c28f1567fd54,"86,312.31"
0x0f2ae5cab99e092c239431e086f801525dff95cb,"72,758.80"
0xa90dd79acca2eb833e3f5747bd3b6651c70acc31,"66,470.29"
0xcd4630e41f4be09fd120e45465cbb1625d3d1f38,"54,799.68"
0x78901698464f7abace93af4c6f53725eed88d561,"50,000"
0xf75e04592533c375bc88f523e89b34e3cbe05810,"39,499.63"
0x9121d193f4bb0de8fce14f4431adbd47a62839f5,"30,369.61"
0x0548b20c31654fdf9f95f0cd465bc3c9b6b06363,"28,886.40"
0xb6923e220a3641f8d16a69fbc549be6c72047f7f,"27,003.94"
0x6c344bd50784059a494020ebf0fa025223a920b6,"26,135.81"
0x468083a7f80f88af45ed9db92e7c76d918262f58,"21,617.09"
0xe75c50aba1e857539212f816d4d95f89fb32ff57,"20,356.02"
0x7ac23de43ffe77cfab5bdfcf2f3441f46069ae47,"18,047.97"
0x7f7eceede5f97179883ef8f30edf24c50aa5c597,"16,810.27"
0x77de74683413785053fa2024ca78e8bab203d964,"16,005.86"
0xca174f1b6707381d0f278d515bc3fe115f8c0b27,"15,982.92"
0x3d72817882695b1092f1536349621cf8e4b51f3d,"14,244.13"
0x6daa8db024ef9a9bd2813b5ab72db4957dbdbc4b,"14,077.99"
0x68d78cbab080a6d6c20437fd7f83c41c2c41a16a,"13,692.85"
0x658b0397894f14d876de3fdc9aa45a03711d164a,"13,479.99"
0x1cfb40168b8b032fe658754d8c24b239470afc62,"13,123.88"
0x09c81f941a7d2b611e84998e9643e18041143312,"11,738.00"
0x6744f21df3eb78390d2c624fa832de0fcfe9263c,"11,390.45"
0x839395e20bbb182fa440d08f850e6c7a8f6f0780,"11,000"
0x5d2fa750eb400649c5ee4fcb524aa80cf76abfa3,"10,735.62"
0xd34cd8ec914fa3c48521955e55b576aaf0dc897b,"10,674.14"
0x39d66fe579130b26fed64187c0ba7fb03079424a,"10,350.87"
0xb40369d7599cc014d0eb3b0b21fbeecc227ddd0e,"9,375.28"
0xaaa407de6773855dc18c502f74dd2965c4ae291d,"8,944.17"
0x02a7cff0ca5819553a9438061f3d90350a0ba82d,"8,300"
0x0845095a1c112d5cefff5328a481cd90e8b16de4,"7,663.05"
0xdb166a18edb8e7b92e2039aa5200a3605c227173,"7,508.70"
0xc2312caad523dab7d412b6ca8b8d72b58839d20f,"7,389.31"
0x917c2a204ff56c9ade490b2d1f996ae55b06aa4a,"7,387.01"
0xd384d537a58e1d375ad1cf2f5ad99ea3f2419fd4,"7,299.63"
0x5cd364df460c40588b865d6985f530767263cf84,"7,000"
0xf023ad00aa599371960de96930102a0c6d282fc6,"6,909.98"
0x0608576ea47b265f1f16b8b8383d0508f703a0cb,"6,886.10"
0x27b603af7031d52dd683c70e2cf7d41ddcae2326,"6,725.50"
0x6a5ab3b6213adfd8d54f77bb3dd16bfea98e1ad5,"6,645.08"
0xbd5500787388d525d0ad80d5ba1ad1d7a2cfd82a,"6,462.39"
0x3ae569c948a5de6874b4c1d4920aaba79e430acc,"6,260.57"
0x7288064ad55d4ed0e74053fb5d7efc67ef028419,"5,970.40"
0x4f6c825b580a608c9ac7a8e46f8e931b18a75e1c,"5,946.53"
0x75319dcf2f347b4f7c6f9040a50b4253f7e46681,"5,919.96"
0x293992a0ec44feffbebec2d3e434c1c595c6cd85,"5,714"
0x4b9615790a87ceea2879539a60466b04b8f7f4ed,"5,640.13"
0xbc9d81997e612975c5dcdeb114094de922522b38,"5,506.42"
0x4a155915cd681510ee1adf766ba43a0fa8792ad5,"5,385.42"
0x0c161669c792ada23b5c016fe7071391c645bb51,"5,355.11"
0x382ffce2287252f930e1c8dc9328dac5bf282ba1,"5,143.93"
0xe4e6fe3d54863cda33e0ad5319e4ec6bc0a61269,"5,089.02"
0x7e3fb6f940d6b34dc95533cb219704d220b9dc58,"5,011.54"
0x2665a41e33cc6a86a7e465b8a8a6f77659a82afc,"5,000"
0x38d7f0ccc0e0f9335039d79ffbd9858393d2aa80,"4,924.15"
0x4a18cee8cda7bc6839c09b4f671ec7d263854029,"4,800"
0xdebecda49e945a1ccda0c0a118172cfcfa33a2e1,"4,782.25"
0x720610ed4925676d971b0ae5b3080bd233e19038,"4,053.91"
0x060ebfa062baaa76b58a77abeccd42882107a52e,"4,045.12"
0x51b5f6f704c2877d274825998b4f56bad3225b2e,"4,031.44"
0xa4e3e6917da1067f917ac976b26bc1202e9dfebd,"3,808.40"
0xbb64703c0487fcd073d47c23b0f01f207614125d,"3,730.84"
0x8b3f14f0582fbf275be87d265c931b4dfd5f13b7,"3,545.21"
0xae1490e624f7debc57cfae72621c559e75971512,"3,511.70"
0xc3f8d7ef9946a6cad5de2120bf47accfb225364d,"3,508.16"
0x4785897d46d633dd0502518706fe6f169b74d480,"3,492.97"
0x918cc89e16ee2d65a4fccade5ad5da489733c810,"3,459.46"
0x447c7ed1e43dde4bb7a84bbd45a0ccf7b2fbcc43,"3,450.31"
0xa9503a8763f05b6bd068d4c5c8645e1869092818,"3,415.19"
0x5169a46cf0b99c0c1e8d078d3b9f9b6ed9a215ea,"3,402.79"
0x36baa0b4eb9b842604beb3c6f31230cff1101a8e,"3,401.06"
0xd0ef3a2ae7fb496c0897400f1be46693b6183b0a,"3,369.98"
0x3ea15b1f03966410871d5fdf45c1e05feda54e1e,"3,367.62"
0xd5eb82b437022b3cb60b0ff97ab99fbcde03a53c,"3,355.54"
0x1279318ce3f4e00f88bbe8c2834c2454c6e9c778,"3,230.34"
0x861aa73901f82e25a8951f046fa0f53700f5116c,"3,209.84"
0xf3f16b9abef29dc4e7522cc5cce3c4d09b7616b1,"3,191.75"
0x221698db85dae3e38fdff8e39bc0b0c66e611121,"3,160.57"
0x0955cfd6961b287ee370f4e135c8f2a5d1d4c763,"3,154.76"
0x25e13ceba4b4bce10624f1569369bcb8eeffe88c,"3,081.09"
0x34b85191c04503f749240f7bb52bbecbb6d40e1c,"2,898.66"
0x11e8c073f377a8dab78b6897616efcbea19dfd9f,"2,851.63"
0x9ffa32e1daa12e59adefccea6e21bb59285607e2,"2,823.01"
0x3b709d4cd9dab2c93e29cd4b3157e2221cd50ff4,"2,698.22"
0x6652e9030258e9aa5baf0f59917e19e591c707c1,"2,687.58"
0xd412b18d80695cec99f0836d59cfc032825541e3,"2,681.00"
0xe19c152136fb1ba5dbc2e2872bf081baa0751172,"2,665.84"
0xcef730655e4396862d45556515d18bb8b9a0ea8e,"2,664.63"
0xd4834f4071525a5672e17cd6644ce72559a34338,"2,579.27"
0x6daad19fa7ce8b797f52e51e645474150f0db4b4,"2,574.39"
0x32e9c27344474db5344033531341df384de7f2c4,"2,569.48"
0xe11ad4d81aac2fcdbf123f7a08286c265fd1f827,"2,542.77"
0xecaa758ea35adf7a07b672be9753ae285dbcccb7,"2,525.90"
0x6a250de6ee8269af9d01ddab3a36ba01b6c7b849,"2,512.82"
0x6df137e629792df6a1d728cb9069389ef2f63587,"2,500"
0x6ba6b7ae93fdb8fecd58c2d2f95cfff5dd80aa97,"2,490.70"
0xbc57e26eee104b767956e443966108ba3c5db444,"2,480.54"
0xfb6fb821154f6c4d4dfd01fa8cb860cb07fd1ba6,"2,464.97"
0x0573b40eff4d28f2ba70a83363833f97cd9cb38d,"2,443.61"
0x3bbc7dd3b57ea725985bf0da33adde731f4c7295,"2,439.71"
0xcd45728b073b1568a9f94f3af453b9c28105f779,"2,414.37"
0x212d5d36a67ead24d851094a0fb64779cc25a7d1,"2,412.90"
0xa6d873a90cd349f9905d09019c6cc7e03140bbc4,"2,395.16"
0xf41f1ea533bae1d8eafc0207719649ca9a323058,"2,361.40"
0xdc615c8b3d2e5811dfec2c3c820b54a524a1ccc3,"2,357.19"
0x7626ff1770a859eda11e5a2d037cfa3bf58c370f,"2,328.35"
0xeb3f3f5b1ec4430451059cb6bddc984f723c037a,"2,275.19"
0x446966144926f61ced82c7b673ed102137edcf5b,"2,253.46"
0xed4d21ba769b6b92e6fac46c0fb4cd40ffd12ea5,"2,247.92"
0x9f3d352cae9cb98a3a469534a81b8fc1e6b281a8,"2,221.38"
0xd5cbc5ec09436f8b5b2d6fdd394ade0029b97252,"2,151"
0x437e76922a42ce2db362c745a585f4d54c357593,"2,106.02"
0x7898807ee44e0112f93cd39b0a6a10b4dd2f26ec,"2,093.72"
0x0c172cb40b66061d5fec800380f122c933b11fc5,"2,085.34"
0x03c36eb88183cea1b278957736f8940ca40e6fc1,"2,053.02"
0xa7386017abc723aed0fe779f3cca768d76d56c91,"2,037.42"
0x8b614e51fa80109b6cd35c1ea631c1d680db93d9,"2,036.91"
0xceda45d4c10b51f0cf6608c6cd5810bd5792a8a9,"2,030.34"
0xbcbeaf007470cbdf608c5755d9b8692343d2cb6f,"2,025.12"
0xe8aea7186e064eda2aca269c3ccdd5c1acf2a8b5,"2,006.76"
0xac0c3f0212865e8b242e72f5a4663e13d609654e,"2,006.64"
0xfafc2299e8576b0404f01cedc26f1a678e0d9877,"1,984.19"
0x34d5da9605f59ebe7238eca72fa3184714c75979,"1,954.41"
0xc71e1f808b691b4ca955ebaf46eab5430189e212,"1,954.13"
0x2fd34cba9b1a35a12cd1007bef00a747fd3c5a31,"1,932.38"
0x7a6d2206f69efd8806caa282435fbf324a8ca530,"1,896.41"
0x61ea88423e3ed377ee3a46a5b119ee9451de8eee,"1,876.25"
0x31cb86bd10d436c1440157382ed11fc73dde467e,"1,875"
0xddc1aac91b1325b3c0ac114caa1be58273e985e0,"1,869.78"
0x629a6c0ca5525524714fdda6a561369da97be751,"1,846.57"
0x11ededebf63bef0ea2d2d071bdf88f71543ec6fb,"1,827.38"
0x7c28a4780e4ffd835a9c106e5f41b906c1931420,"1,821.02"
0x245858182d31b2edffaa2af0f61568ade78a6b84,"1,808.62"
0x15f84e3d0e8947eb3b438936416235241ba2b0f6,"1,780"
0xb31ec31fb8a0cd5cd36d18aec69dcb6d9b678f8f,"1,766.19"
0x448ebe45cf2b494896dec9f21cd42084a5488003,"1,747.14"
0x167f2359734c5fcb69c8ce9d9710196e3a6a8fe9,"1,746.65"
0xfe08945f392cf1873f2c5b1bd7c7401e452153a8,"1,729.77"
0x736c787c7dd6c0f76d1c0d918ea3c26abcc97c28,"1,724.51"
0x099044f0c1ceb85bc34c30efeac97e4bf4b684ce,"1,719.89"
0xb96faea793941cb22501f624d050baf699413dec,"1,719.45"
0xd3af63bf3d58f2142e544f72551181ec72ccf10d,"1,705.18"
0x9b66e7c53ec412528417316a3e462e75afcc61a3,"1,701.86"
0x03413e013064aaaecadc9b6f7ff508290ea9ab7d,"1,694.84"
0x18dab61784283fb0e52c94da097e7d0bef92a222,"1,693.05"
0xe81732898ed0d1cee9a3dc90def3866a1cdf471d,"1,692.73"
0x0a5aafb8ea3b8c48f2d133332ecacdd802b8a953,"1,691.01"
0x221c90e2b911931f775ba0ff3a25d26509a13edf,"1,688.83"
0x8d2a9f5e630bbc008ffbc80b695afce1af79cd5e,"1,688.71"
0x80c8f183ff6f9fd4ea783dcd9178b9c196096b8a,"1,684.48"
0x786f2139a622632a57baff7df2b23757c7e2df54,"1,683.17"
0x1c887676d87749262943a8dd1eaa5686ba9c2cab,"1,674.82"
0xbda60cf87122df83ef293bd591958d80f69e7ef7,"1,673.92"
0xf7e6c7551d8d9bd3d1f0e3eac7cf10fcb52d1bdb,"1,671.64"
0xbed7894de95a8216e84d9ef582b786ac30a752ca,"1,670.60"
0x57ffb07825f23829c9c7a5be1e294fd199151eff,"1,668.10"
0x90827959bb2a53827f1e640d5c05987fd1eea7cf,"1,666.52"
0x7880dce779108bdbc374f18f74d193550de8c621,"1,661.16"
0xaaebd5e490a3d624f3e8147542f43fbcf8223acc,"1,656.01"
0x046fc56ace7e53879a59c389d95c20c22add3c88,"1,655.46"
0x83c9440dc34da00c47a0d4dc2b598d7bdb1b53f7,"1,653.95"
0xfe95401584a1b7610dc9a1d9566dc29a507a74cd,"1,652.33"
0xf65f7cd48fc46ce7a308fa32b77772b6a4f2dc97,"1,645.37"
0x9b46a8599960208b33694e72a70a18d67c9ae041,"1,645.35"
0xec12693218f52de763fb1b1837c576ef4fc2e3eb,"1,637.70"
0xde4ece845e1a6f2da9f203ed7cfdd22a191843b8,"1,633.79"
0xb81e467d133e9dcbc87ec347d88e23b5b86555b6,"1,627.60"
0x3779865b33116a9d5ac21cd650ecfa5ee1784e53,"1,623.04"
0xec5c0f3fac5a5d5cdae894361dce1e83fb036f62,"1,620.74"
0x3f98fe29a7788a87fe3effa2b3985b20c6129e1e,"1,617.82"
0x59ec0edb51ab373c94e1f93fa3cdaaa94aae582b,"1,604.67"
0xbf87a3b975705809fad47a149850828b4a433f5e,"1,603.24"
0x3861a12b57dea1cfd4ca816663b60875c7f8ddbf,"1,579.11"
0x3cc174e29e29956e15a337dadf074a73d98d6eba,"1,573.75"
0xec60479a83c541be8ee05c9be71c5fe2a20eccb8,"1,572.59"
0xabcb252df3644f118b2bb286241a7234b63b057c,"1,569.74"
0xb2f5e5dc63a3c0b7471595a94a782d23772c8d1b,"1,555.95"
0x9edba74460ad6b40b40809b2228982c56e3e890b,"1,550.93"
0xf51b65254a4d469543dedb649bf095daa50539fc,"1,548.07"
0x4bfa3324bdac2367dba667dbf64af5b8f13c1feb,"1,533.18"
0xfc676d246de585969ac1f89f135a371f2bc0ac97,"1,525.97"
0x20e60338e5f625e077955d13ffea1af1a9e8826b,"1,521.47"
0x16986a9cf326df6e87d172c7e5ac96f8fddad961,"1,517.58"
0x4e646ae030ec01d6eab2c4783ee1b0ba23ec7d7d,"1,517.56"
0x1d715219f5ef39d5b6313309179a9e09ad1d865e,"1,516.79"
0xdcdf1c5c80ef4244a30fc84e39c6dcf5d60e82fa,"1,516.63"
0x3b37a486a7e84c6bf4a8e5d70657f951f3a1c23b,"1,515.35"
0x0d33725c809a70f6e2c6c65c68a45159b9d2960b,"1,514.03"
0x4c5064f0ef054e6c4aebee738d03110562ef5d1b,"1,508.19"
0xa9ba810a5049e39f4f7647e0f4b26d2532622e1c,"1,506.45"
0xe035d6d2bcade754982085f8a52662277f8d8c0d,"1,501.70"
0x59430c911f12e942ec630b5b3ebbe88be7d80f22,"1,500.42"
0x28b334b1baf64597204626bdc793f215a919fc90,"1,500.24"
0x08e1b89e9e107328c789b2e39ed74b6958e3041c,"1,500"
0xeb1ca9b281d129175c690a6b4da8eb9569d1475f,"1,500"
0xa90a55cf8c598e3c3958b07f2c9023b32983b7c7,"1,500"
0x93966292580b36a95e306fc33854e88c1ea3011b,"1,500"
0xa78720efb25eaf53a1ece902ac36dfe75732f3f8,"1,495.29"
0xd64d9f5b9050a634ef9d0089d22766a36ca8a2aa,"1,495.15"
0x8f5943d5a4d1e1d7a1b3914a44138810051bee5c,"1,492.77"
0xd87b2a559a1f6ac38a53e4ed41c3a704b0511465,"1,488.15"
0xbfd139dd89b84f45d9ed02bbf743f584da44f4fe,"1,481.74"
0xdad807f898e68b9ff6147e7ff45b438b02ddb96f,"1,468"
0xa43931484e8ab6887c152d4788c5292f825abea0,"1,464.37"
0x1b2c16ab3f73314393019c326024feb2f8aa2ac8,"1,459.02"
0x400cc92925c48a04d2e214a150440cd7e68805b1,"1,456.03"
0xe640b7c0d3fcaabf4058610cdc33214a060de9c1,"1,453.18"
0xace0cfa6db7f70fa65d7780ef5d0b3b598481ef1,"1,441.14"
0x7ecbb34675eedfbd7e6963b3b8287263ad1fa1b9,"1,425.49"
0x0c9eed14d5f41bdae840cc188bae5540bc725ddf,"1,397.57"
0xae9c1768f1ef7e772b90766a0cd25934ab870e8f,"1,380.12"
0xdd3aaaeb5a7f2554617cb5b9061c1513d30a403d,"1,365.84"
0x7354b706f81381ef14ebaecb4bb7b28316b0db97,"1,357.51"
0xed7135f07c13a8918f5706196ddf48d05e239620,"1,343.39"
0xe9a142a272c94b95b21e74dc6bf3104ba56d5aed,"1,307.84"
0x1b671749c82bb59e30d6cb2f2bb1358132507eaa,"1,283.81"
0x491f3f53a45879f874873394f21b9ad3509e67f2,"1,270.69"
0x84672cc56b6dad30cfa5f9751d9ccae6c39e29cd,"1,228.38"
0xefc11589c61656214c8fab2bdbba83a52c988c0c,"1,159.41"
0xbef83f90dd56df2929ac00e8d28eacdea2058ada,"1,148.67"
0xb774b8d2967f3694c3de21e0edd2c6c8281ffb85,"1,096.87"
0x6f22cf06501e91a496b9461f785b95a9b51ef2e8,"1,071.81"
0xbe0bfa8da7f0602bcfe24c72e5e265ae204f5983,"1,060.58"
0xcc47928806a9b9e3e5c928d3ad2eac2b33182e0f,"1,059.69"
0x73b596b6198cefbd30b0a3bfe7579ee5100da34c,"1,057.23"
0xa3f6b8d7e0ad44be72e068acbc167d216555fbb4,"1,054.78"
0x1af95a406e92943adc063c503613a6feae9f3b35,"1,052.79"
0x8076e868865d6344591b5462fda466104bc825cd,"1,000.56"
0x1bd3896ea2c76cde7b3499b9709ea0b32b0fae90,"1,000.00"
0x044e9bd003f8c986fbc8e11b10aba1e3c3f73475,"1,000"
0x052b491a1a436efd097a57966a0d87800d16701e,"1,000"
0x0b47b1ec9d415d88d4de4577c82f66d904d2c4d3,"1,000"
0x42c1fb87419e4034dacf1231f88aa74b25f723b4,"1,000"
0x42db53c0e11f575acd6e058cc5abb74bc0369773,"1,000"
0x448581ab39168abd6b978a56ecc87297ec0448e1,"1,000"
0x45e5d313030be8e40fceb8f03d55300da6a8799e,"1,000"
0x49fa75e4cb606db86afdf253a5677833a760589d,"1,000"
0x690332c7735c55f940ce21600fb1f7fa3fe4d4dc,"1,000"
0x80aa8621575e11bfa91ecc55d1dc795fb2f3bb82,"1,000"
0x9b19af2ddce2f38b1b3b8b775f57e196c93ce661,"1,000"
0xa84caa085ea9a05e1f55256eeab6bd19042e40c6,"1,000"
0xb138824b2b5ddeeeb65a4452f40249d1e4ffba9d,"1,000"
0xb2c35530d58053ca380548468a4d30e8f3957114,"1,000"
0xc01c2956231963ed3daf454ede53c3764bca1f68,"1,000"
0xc2ba2b009a9a8f12fdabed184412120fb072d620,"1,000"
0xc86a24b95e34ad68584cd8a3323f87d64f474225,"1,000"
0xdf00a94c9c7f68b555a902f5d34a820979028111,"1,000"
0xea2048b7cf6831e307ea80ee960b03d4422dda65,"1,000"
0xed14dbdc209c6ab64d26e3bf8f3cc3d577ef696e,"1,000"
0xefa4cc3d0d3fd56a82091017127e6459c9764294,"1,000"
0x7cbdc39d3bf3a07d3a9f6080709991182930c60d,"1,000"
0x1b9e7860611395cf6d7d5a46a87522158e47c926,997.0605483
0x59dfe688c8d8505f02d391332dde01ad62da5d51,959.7670888
0xbd6c7b0d2f68c2b7805d88388319cfb6ecb50ea9,929.4227656
0x32b9e4e93f9c7eae4d114f98e6b9c44215ac8017,919.4468396
0x928fbb56394ca7f6569639a99e4c2584db82b67d,907.410177
0x885573edb41a676ec1cff6c9f6407d714dc5cd36,900
0x9e2363e885ed2f1a65df589d99723458c637a3af,870.1535318
0x996d2565af850490a1ab01e29c8653e4abaceb51,806.5560627
0x61300de79422a18b69fd3afe4238ec5aa1df0635,793.7647502
0x03743daee1f2386c9f09bbc2c50b3ba81f7d97ed,769.7509066
0x9a5a8778101247c36d8155a34fc2cca6b2a94159,760.4247922
0x97629813364586d0a553da77ad376ee8ca1e7970,760.1660437
0x93583b69c3db61ea15755be0d4c49f558147a650,751.4432371
0x8402c27da64fef68847fc1861b112d6107f3c60e,744.2945303
0x63c833c738534e0bf4dd9a8b4fd8ed0fd6d70d1f,718.0036228
0x3e904229236a93e5ac6ed5bcd2dbca5378e8d80a,711.3299295
0x88eae0d329f6498484aadb2478b88a831b770073,677.1302696
0x4405a93240aa5d60dfec5246c74146b14c64534a,671.8432844
0x8496066ba04809f0dcb69c0ed2115ef25706d4f9,661.1315829
0xb800c0fb71cc462da98221c2ee233a1a80c0a6da,656.1886372
0x09b4bc1a153f6bd47ef2bd8d95c6e427234cf9d2,635.175572
0x2239ff85f256b0ad09502e6b757ad4c0a747a899,634.2450147
0x4cad21d92896b28c2ede39794a68d001f0b44e0d,625.6712376
0xd87e030f901dcf5d9b861bdf76c0386349223f52,615.3820325
0xca2e350fadc1b4129cd9fe4a6f4ddcd2f5ca11c0,600.7820232
0xb12ba1b602d235a0e8e2463ad2aeab2944cf5c45,584.927838
0xdb350a40eeba7437daa865a4d38c97695a49ac79,584.887676
0x061df739496c0ae47babb92c89949611231b337f,576.1891277
0xa2e3d52183533b738f72e939414db5d6bc334b85,561.8199737
0xd661570546cfceccb801c02bd043248a36cfbc99,541.4457211
0xb8260ba1db3078f44b620929a0da3f2e4ea04c87,536.3774881
0x08f7fb8915097054d8bda24fe181c08d9583199f,535.2886358
0xd0d1c35e385677437b308450533ba5120c216214,532.452078
0x8458fcce2d9f023efdbe71e74573629609bcc1f6,510
0xfeee13c929375de915fe65c0ea0cfd83237dd397,507.6989206
0xa8e9e4d0f213736b463ebeff5b92dc8ef873f772,503.7361573
0xca5b8793dc2c9f973485b6d2c216c65715f8206b,501.7956105
0xd1922026ec4b9b9a6deaf45a067e6b52e14cb002,500.7172557
0xdaa8914c87c66c2cfdab6963d72d8eee6db6449d,500.1808892
0xd587e16fc003eecc7820b364ae637d9c92b994f6,500
0x679e8850e5fbbbd07f599ebda925ed4abb376f2d,500
0x4797aa48ecd2ae17bec14c16a18b0a95188c561e,489.5608496
0x0bb650dc882825bb5a003013cfe5b2341baa8cf1,463.4880201
0xc71dc34e73b1b5db2dda685d4304432ad27ccf58,455
0xc5718ddf9f7bd591ba0d77340c4bc363221bc188,432.5653607
0x4bb6ecabf68b757b9bac6bd8a06887ab7fb393ab,428.4339232
0x1d1f178d11487edae105b4c6e6430a7869d76b9b,423.1004776
0x5ef27fa4e91907b0279af66af0c8a2be887275f8,421.4813458
0xaddf2b04f9da28764fe15689b70028565afb9f18,406.8045279
0x4e2e0fe85b51047e2d208b7dc6fbab9f48b659c9,401.9101683
0x13dbc10303c0c9604df748ca4b1556bd135686d2,395.7277737
0xd3ade0bb14327e62a2bcd7f258bf776ce5d583f0,389.4697355
0x6eaeb79e5abb9252314c2eb72e3e503b5cd8b004,385.0945582
0x9731c3803d44f4398a1d552a626c166e88eaf525,381.7204382
0x9ca48f139f02508d3f438d3d2b779d0f31b2461a,362.5028273
0x6d4866564a4c688293ab3b7ef8890e45b3bfb4dd,350
0xc1d3f4385b047e3735511ae4bf2d344b0cea4f63,350
0x8505716e48e34e0298a78495226a09eba614437f,350
0x55d2a296dc6212bb03ddc06f9061920788c21463,348.9884469
0x835c3bde8ecdb1e84819512761671fef0b07edd0,340.6357933
0x676e662bebaef16b2f1adbc40dbe6cc756a890ca,340
0xa6cc6d10007f55e858c71c209c9fe8295098b678,337.0928176
0x6b360eabbb2252f9b88eac17e2dc7206735d9724,325.3759313
0xad3b67bca8935cb510c8d18bd45f0b94f54a968f,315.0225888
0x5389b9158a7cbcb670d3fb312390b39744ac3b05,301.8900966
0x36db42001dff3b0dc2655f686cddf5eac72dbc2a,300.9605184
0xfed0e586cb372fd0b17ead9f8cb1347bf8a5937f,300
0xe131ae7152b4536cc4bc725944347ae36f562fc1,297.7115495
0xa8b3a54d79cc8b3d35a581fae518177149739f05,296.5018576
0xa902479cab22abf7c2b3008b20919405a8c961da,295.9065701
0x4ba0be223021b31b3a44c79e6210bd1da432cbca,292.8085919
0xc505873c3511fc943d9d047986b161216dfc3665,290.0393608
0x3086c88b53bada3c0fe0d7984c253350c86869c3,286.4571083
0x8d4dc550666608544d558d9818ada318ea6e2e2a,285
0x1022a225cd49fa3c73c9094730a16e5f70ff015b,279.2775413
0x7b61766716e466331a2d302c0c0382af97f30f51,277.9070274
0x7c72506327ec62a2de666e0cf0a917ab765cf964,267.2987975
0x5946da15acadd71e81f2c629be4c80c74c5381a0,266.8666693
0x2348a70005bbe468c36048e0ff7c3b92693b5fe6,262.2457143
0x529408a6962bae6ca5328874d633738116b89b05,259
0x4c66719164fe52a36ad6b1b47c550a9cf4c21a1b,258.3784009
0xb012b817287c4088a0419ab916b76eec4be70bfe,251.2460842
0x965dc72531bc322cab5537d432bb14451cabb30d,248.5945223
0x65d3c81f53ea055d168b8917afc73d75abdccee8,243.108898
0x8947ea804f037c83fb41509f4f5e23599460a9a4,242.6965481
0x15899df50a9ff082f65223ad08b3619daae8663d,240.7262644
0x5f535e190a445e259c7822f820d7a809290f4b89,237.939792
0x3ed9891c37479b03d0f34eccf64d60e57a87958d,233.3335463
0x2a4b83f560cf1de99731ff3c296c33392dc7ae86,225.6059419
0xbd5703857b536a0baf7a439b8743c9329ec0efba,224.0297932
0xd00871bcf484d2efbbdb8bca38992dd47fcb5b8d,223.0020104
0x0cead33eb6adf4860b6b8f66687f51567e111973,222
0xebdca36ea7be9c96b75240355ec1dd5e88dd8e74,222
0x2dfe9a6f16499993f98ec87356f37744e4300133,219.7359355
0xf9b96ec5fb1de747ee41bd2066cf3b72c456e1ac,216.6740283
0x9d5fe51a4a63bb96da9fed6d5906f8e1e0d1520e,212.4999172
0x70e58523de64ebc638889e4ecc842e6cad395003,211.7537529
0x037521861f62e029c95e45bd05290d3c5f9ab3f1,210.5369914
0x2ca01293c74410478b91e4100a980654eebe08d3,203.6824765
0xd4bdaa7f7e7c35ee5b9f8c355bcac3ab7f776952,203.0354541
0x5aa95d92e15f15184a80522caf376a16bc4e5703,201.6564543
0xe9736bd62bec55081a758ca6836a58a83acd361e,200.8107261
0xe083990e29a67d7592bb32fc1d60ab6715da522d,200.2429925
0x405838e6752921a8b12262b258859ecd04856216,200
0xc5a11deb1eaacf116fe0c9da6bba95db905befcd,199.9067919
0xc6c404bb28566f8e03b84560efcfd50a99423840,198.6550835
0x5e2f0a2810585398a731ff390ea6f2e141db1a86,198
0x72b48246e46e3807d561bf3c491d4f357b8535f0,194.9873195
0x84c9c943b10ad2172b09e639b3b25e02fe0094b5,193.7239343
0x5d4abfb721cb289dfafac4b9f231da13a2eeb4c2,192.6614566
0xe74d58420c0b7c5f30bb5d688f8b18739f1087de,186.1254082
0x0a0cd599b97bcc6fe26c8c6490bc9245e13d8e9e,185
0xf6e14fe314b7c92b8cca0479a9b74b16b635f7ab,182.9357083
0xd2bf3090af009219be6998d0474e09812ba5d1fb,178.9426432
0x8e4a0750883c63a0dfd294ee751dd433c4ec1e33,178.7099088
0x5e77831822a9ca0118804f5a95f29dceb0a32c31,176.4306288
0x76e57689f8d36856ab528befd8a87f5554e80103,175
0x025e61c1fba1319f3288b88ec0c59cdb387cd7e1,174.8797403
0x0f3354350c63c50ff6caf33e95c9cdd3047ea4fd,173.0727319
0x275c02502bc086256b35c6785ec1a442f5303c7c,169.1514294
0xe673d59ed552d6d417ea508233397197daa2645b,168.7823253
0xbf548b0f3ec09ba8f4889bd2d8b6ab9189ba7791,167.3581616
0x24c8bab958457ecd177b8266f501a7ecc0d62bb2,167.1280683
0xbfdc7b80a3284aff57c045806a3b99ad446450a2,167.0411574
0xb9b81118136eef1484664f4ac79eb42afac6eb25,165.2683274
0xd1f3668e259cc18d53f932ae7d3e6dc0188a61d9,159.6911832
0x380886e656ce40bd145a9fb85ac7e3dc51d5ee8b,158.9121148
0x6524e2f42c4bbf71d7848b14a6748b646da3b849,158.6998024
0x97902ff07e9e9a3b027bc1a9b24ee3d8845c1da5,151
0x930849e4a4a166517b0f07609c8634a3978af9af,149.5917936
0x16a3c50f1ec275335cf2feaf96738de54c6ae9a2,144.4452569
0x9f55f67e50a79104e599fd47a860dea9946091d5,143.9198613
0xf339da33318650129933ef0e679e87ba472dd39c,135.6991034
0xf1220dbbfee8c10fa5aaa1025d614cbd72d62f20,135.4411059
0x0f2772d4b2c6745713c6d38a5a43a94957810e41,134.3319929
0x03b27c1276b719d8089379b3cf655692918b0e58,133.7494724
0xfce3495de6e8458fd8452607d1c9a75a7c0d25f8,133.4626667
0x75a985774d482274d4957709a339a15599efbf40,132.8431586
0x24858c2387156d7fe1ebf06345290febf970578e,130.8720769
0xcd576a3ec193ec6e007a6c1f13b1f61581d77152,130.0400876
0x59e5613af38b4049a2a04219b85754121c6363e7,129.9069158
0x8304642369aac59f049dd73fed77e361faadb193,128.9490611
0xf188e7898cec2df7eab27931e10341a1b622f14b,125
0x06cf8643244162239d0a01b5eefc31facd23fef0,125
0x08cd7db0e0eec6e6b19b4d6e9de30d6234115497,125
0xaa9c9f1cd814ad4284ef1f6c30500563f27339ac,116.9317057
0xa11213700b726fd079d1bac82d579791875b6628,115.7862073
0x1e09d5798a4c0c93766b09b4e94d0df96bd3d748,114.7500796
0x5a965e7e09c63b8f6ede5ebece57c66abaf123a5,114.6555695
0xbdd974c9081b38392fc2ea125f933666f0cb25b7,112.9785993
0x8d539cd092b203a0744d9f551b44df8c9d87ec09,112.7616363
0x67affa710adb30949a2f9ad5b05911b8e03a7f46,109.3309061
0x9a7e21e942b3e89a31c6dcc102add11a895b207a,105.50194
0x52866fd157577897ce627022b9c19bd2e622fd7a,105.0097085
0x029b3c7cecfc43712b8252ff42fe0655b1147b34,104.7909662
0x1aaac5f00755e08b24aec5605d1c9a067b089644,102.9191868
0x074bbcaa2b9fec151589c88cb670c91e98a83d7f,101.5621586
0x7d5b1367acafadaf99e8cf8318f0989ba47f40cb,101.4580965
0x39beb60bc4c1b8b0ebeedc515c7a56e7dfb3a5a9,101.1894301
0x8304e08b2812d9ace616642e4cfdda9af1866f53,100.5356186
0xccf85d5d9a4ab9544cfabeeaf75cf9f33e356e04,100.3603568
0xe5595d1b9c28e0fd79bcf0682d53fa0c9162101d,100.0122499
0x4908e9e5c0711855dc769ced3e935a9dcfb6f4e5,100
0xd2cdbdad340cdf3a60ca27d81fc9e0e7b09f4cf8,100
0x0d035771bd2f1399a0dc0c1ac967752e7159d419,100
0x2abc8674e9061df85065737bf652f1a2a24aef2f,100
0x5957f572aa8fef06af0d5fd7136f8bb4c03ad7db,100
0x6d9cd1a5beb2f401ed4f6d78b087ac9963f9d478,100
0x9ee84b46d90f2558827d30bdbe9a94df983e99fc,100
0x313cfd15391da6bd8f71713e9f8a956a1a8e8e4c,100
0xec1108b8474db84c6f0924d42e161b923f74a6c9,100
0x20f38db51d0d036a38e07e0173c91b24f5a0eb41,100
0x448e69cb584452ae1aefb89916a490928d0286fe,99.57991151
0x3362a7022dc274ff49460144fc9e2a10f6cf2693,99.04947039
0xf28a087e52e18791ab500239d919cf9cc0378acf,98.19214329
0xe87065531a9b6636504d60c72b86df7d05c430b2,97.6889393
0x52af38ebf82f1437ee3424509922aecf84488641,96.75859203
0x2aceac92fc866f5d70c6b5012aa8171caa5a09fb,89.62213806
0xb3e61851a0070c669879b75faff85fd07a9a32d2,88.33954202
0xa58f7166f8338372be487eab66d6e52cf534cd41,82.78625004
0x58479ef814c0e8825990cc445e7036709bf152aa,82.66167678
0xc7a1c3090539ccbf9c34b3d15cbe6cfa0a9ad547,82.55753185
0x0a3e01770561f976e1de50f0e0b4536db780b89e,80.12698987
0x0e0a4c110484c55a7fe6a3fa541095bd2b025bab,79.71540866
0x74ba982cc10926d2b3339be56e785f4febe93ab7,78.35852987
0xa6a1539ac96d8917f70190379a4e6fa8a1ce7a50,77.46497583
0xd17013698a5aeb2db9c254d46049b92240bdc874,76.41206545
0x7e3727e2a544092fd4b42b2b5d587bd60d93d186,76.27468081
0xe819d07d9716c2b5351efa1000959edb5ab087f4,76.018028
0x1b3dba50bafcf21699e9acef7a41c796c1089233,75.16874968
0xd22b59f6f5edb52561a9937520b7d886dfa62e25,74.83020801
0x44f07e2aef6c5658ab24410b2067e3c78167264e,74.28789947
0x66ca45e79746984385d185dcc000fae482123072,72.90273647
0x7f9471b5aceb379d565184001e88477d5e783651,70.65073068
0xf8b7bf8ea60c3f6311b59887f5589c7569013f31,68.23815403
0x36a8c816c9f8ac7a86ad5b4d3edad03536532067,65.52544424
0x4b1a5f9b7834da585fd1bb80466de80673b82d72,64.85713621
0x44d7fd3d7496ac4bb9447947a10c33358519c988,61.70832779
0x50275e7e7363abf4758d20050898003227d3126f,61.00128979
0xb096874a4714681716ee5fc3bd21c2f40adb0805,60
0x22b3a09398a6f94bab7dd52ca3a409a73735a1da,60
0x64fafd6c3f4238858fad52747906544fe347fd83,60
0x9e7b74aa3cd1bedeea476578ad401bf43e31c932,57.22356743
0xc896448492786bd48e65d1b4fb1035247b00b43c,53.95245137
0x24c2fa5fba9b3e09c68b6afd8d697cc9709ce504,53.50478442
0xd0e7f9f5582b4066a3c63eff8ff0e7a8a9a13590,51.52309612
0xd22975b27b7389a59bb9358e69e9878ac19d1689,50.51898646
0x2cb32c14a95869c966ea89f34a99a120ac2fd19e,50
0x08bbba90f52e7930c7e1fbc8608ff9edc6d60f70,50
0xcd4775a448b3fe428c474a76560dc58d9f48942f,50
0x16933a61837114cc21f0667c9f95065e719802da,50
0x83969ff468637f18764cca7818350430327b282b,50
0x30f009dd1df782cd6086ad07dffa308f6c8bef1e,50
0x09266d889aca8c6a4d83209678f582bfab44a8e7,50
0x3f760a0ffdcabcd954d1ab3df420a7e0b09d87c5,50
0xa0c496b1d89a3c0aafd305ce7cd0eebbcaf6e3ac,50
0x95347b3be51cb26fc2aa561da1dedc36fd37b870,50
0x070c0283477aef4a5f9822b3ad0efc6e52fa5ab7,50
0x733a6edf2eded29fbea707383e5f9ce53b0ae732,48.91875543
0xdf6497eeb3949278cb2e869b047f24a8c0792d6d,48.62495283
0xc478e784b91b19665470ceaacfa39ba17d0f6183,47.87268389
0x7def8f1c4dd7579e3ba6a8a59a1e7fb4f467ac43,45.91619942
0x978a4c41a365e84e6ab79a81796707f2df6e5f4b,44.98016407
0x2431803140dc7d1fe5100e2b5c8d97b79d80ee04,44.54690288
0x09c46a907ba6167c50423ca130ad123dc6ec9862,43.84142585
0x5026da763a0f2c59e31ff769c9ccdb8c3505be68,43.07648069
0x4a000050db000048a68b72ab1b8d007ca99f0fa1,42.43972359
0x05bb41bc8e5a19c475e24dc88faf416c4115d1c5,40.62358122
0xb353d1ef1668c77772ac26058d7f7ab58ddd39df,39.69389675
0x95ad8360fe25bc9fb573d10b42f76f1bf34669af,39.56886378
0x6cb7a17068a2e4f9ae0590ec2476f7a1f3187306,39.54162608
0x998e28a6170ddc66bb91ff194b600653aaf4e28f,39.47350605
0x3291942c42103229e6fd2841988095fd15abf099,39.44566476
0x68da3917078e64f22d405ec23be40e5fc18146f0,39.42714895
0xe15e0051bee1f2400f77326f0dc3caf8169e8940,39.42103806
0xe6902367c0f22c24d084f88fa1393fa3f044bad2,39.4107864
0xc940564ae35012acbadf5e29c7d4fbb1758bf388,38.55437555
0x2eadc47ec5c6c76ecc310f0976adfe802db32bc5,38.5416774
0x9f2d3bfd9f080ae4f3e6258a4c08545528d4b3ae,38.54073661
0x83451ea76c1fff6cc67abaa2c4907e7df69a958a,38.53664295
0xe48914efc0904d6521f26bf260649c87c7c6ac06,38.50603919
0x6c7225e7ab583a8cd250dabe1763b5eddc46740d,38.46613233
0x4aa266584dffec27fe83a9662aab7a8e6139b248,38.44150624
0x55b561d7926b5e2f502e2f2e025b6d197ae04486,38.24728807
0x3fa424fc247d58397176aeead668afcb06f81fef,36.8040631
0xca1daf401480a5dab181b5b79f7e94939f1e137e,36.31562529
0xf5fcd3a63abc766ac5ada296b4a4e860dbf9ebb0,36.22782461
0x8f2973dc83d2528c8693129c0ff6125f436532fd,35.35711368
0xd937e8d00be2a11dd2ebdff9a5bcfc416c2978ba,35.02603939
0x62e00b3611eb0c55553da3f05249fa1acbff9984,34.59276786
0x813e0416c6e5e8e51e8e01fa7b94fbbeb2087627,34.53773213
0x3ed49d94e92ecc5cbbebf6824490f90fd2234b36,34.47197457
0x38ca8396e04e23299635ea06fbb657e2a4e693c4,34.34983771
0x856122539643b9060724d0441113fddc33d5e16d,34.18286717
0x9875cfa3cf963b808fd50a5a4d59c5d7e70974ba,33.93901666
0xac3247801ca573f88a8b6675f59a0232132532f4,33.88669475
0xade38bd2e8d5a52e60047affe6e595bb5e61923a,33.25709372
0xfdcead3b6a0a57e9ad1d741cbd5694fd183df2c1,33.2277306
0x909af2a68bcff8444c1d287d88214aaffcdb3d3b,33.01689865
0xcb0a08df15d76a156b59020f872109e2984f7b8f,32.22503879
0x17a32604954dc610dc9c61a59972e5f939aeac7a,31.6482779
0x07d0ac7671d4242858d0cebcd34ec03907685947,31.5203747
0xf5e443fa3ac755939a0e8274f48513bae0ca4f57,30.89000954
0x0385ebf9bc033f9fc613ea05715a4dacc346d9da,30.70359856
0x39caf4a0c1e252359af128917a4555827873686f,30
0x3924e7edd1990f4a769722cb212e2db3693af593,30
0x3643beb1b4b4c22852eaf9bd50ae86e8d7428afc,30
0x20dd014f6ff78af8d6ec06d99e7b18d3dc810cad,30
0x93547e3f9ff7919f7d36b63d10e6ec2e90331946,30
0xb07d59f59bcff8291a62f348b9819dd8d7bc920a,30
0x8ca305bdbc51d0c409458efb07baaa4198f97f8e,30
0xf395b55d6cd5c125873275f1288b5de59b4a25a6,30
0x6431163413e672964478857c264cea586ca78f6d,30
0x2a4cfe656d9eed78938f76057c88c26a235c00bf,30
0x714e4715422802855554fa41a16783c8c5c1d8a8,30
0x2019468a1eb814deffac46f5e00bca2236001794,30
0x25fda3b435d98308b41b57da92cdca1c55d0f17e,30
0x73f7195cd3341ad2950fd8c39c9bd272da880e87,30
0xd0583ed961679fe43ba5d15693b9283c10434d9c,30
0xef25f303d9d13414839959c66335ff822f6e5e42,30
0xd5b927956057075377263aab7f8afc12f85100db,28.82959774
0x39041f1b366fe33f9a5a79de5120f2aee2577ebc,28.66062047
0x69b5869874d7e062158431bf1a0fddf0c2546e92,27.46789163
0x605935e1d2dceb07c04af85e41c2b57da0d77f02,27.43334245
0x195359dc6008901f23e905082ef3f3967cf57924,27.3536336
0xc146eba8ed6c071c6c7df3e9528e02cd2b9ba694,26.8901579
0xad01c20d5886137e056775af56915de824c8fce5,26.76553733
0x745f7e98e0dfee9c27b1b9f6e9ed046d2e5b0439,26
0xb13f445b0f26c0fc832e348712bf962eec9a964b,25.93603762
0x4cb6f0ef0eeb503f8065af1a6e6d5dd46197d3d9,25.85905636
0xedf2416fed317ac7f2d50656cecf4959ad1e7a56,25.56951548
0x6cac6289fdccaf41a773402f203e6d4827830c0b,25.23676819
0x10fe1ae06afeb888577c4a0628aa7448fffff445,25
0x812257870867f79fd7ff6fa1b04fba88965e77f9,25
0x7b039e9fd9f689de3a8e4492a16992d1c6805742,25
0xa0d214d614a2a955c69f1bc5b4371c13af5d989f,25
0x0eb9c772934bd22672b33cf8a46d5054c8cd3177,25
0xddbd6543e64d9262f945dfb0763dcf6e50877beb,25
0xb5908d7fe460ae48cce1dd2d236aab0a46da1d62,25
0xfdbd0d61c3e06826d785a6b5d934819609b165b8,25
0x2934b36ca9a4b31e633c5be670c8c8b28b6aa015,25
0x4e3288c9ca110bcc82bf38f09a7b425c095d92bf,24.67237755
0x448fd065b706d30b2e7d8a75f637293b4a57b3f1,24.52061801
0x3a3260c36c07d2ebf15c84a28ac12556e9f0ea91,23.8858086
0x327aca5937d7e6474949946abcca756377a0e03a,23.76928339
0x8acdb3bcc5101b1ba8a5070f003a77a2da376fe8,23.6308194
0x213e366ef6f1b7adea9234bcb29a926fd03c5657,23.2466043
0x7c1893ae74235266672ab9021731a0144344a9be,23.14480971
0x8b5cf413214ca9348f047d1af402db1b4e96c060,22.7333825
0x3673019b86b0f0199532577f2466ccda61631221,22.67014211
0x863ba24c912380fc4515426f7c8972274b63787e,22.53621846
0x3cf7a3399439e3c10e2ea7e01272b54a66a04ba6,22.51581839
0x1581aad1acf8dc920ac9fc1030aaf66c46af8b66,22.23901145
0xaf0de078786813e4d035dd1a56debde23442339b,22.20588864
0x0993b18f16f39262cd90bbcf07dee98ad818391a,22.13912247
0xec576a26335de1c360d2fc9a68cba6ba37af4a13,20.71970586
0x8dc0ab695ae6c28ef96d014d3dad48ce5b9d7b0a,20.30055013
0x000066320a467de62b1548f46465abbb82662331,20.23475269
0xc42b58c646a9da34de0c3409078481ce4022178a,20.10931886
0xcdbc352569ac123a54f0a68e759cbfa9a941f23c,20.03974992
0x7d8df0cea5312cba0d0b2e5fc70d4e369b9542dc,20
0x657cb94e79f6b517a36a18f823cf73b8dfdff2c0,20
0xb9bbfbc1cac209a6e6b820c6f5a146e6ecfa7b30,20
0x8c675e03fdd7ed66196dc8babaa0b4c0746259f5,20
0xfd55f69577f5ce98a694e621a59bfb6f06bd438a,20
0x37e953db164f56387da793e97d4e8c4651cc3741,19.15505432
0x4478dce1ecb402c50a745b21c1bb5f81c44cf9dc,19.14943312
0x23b5aa437cfdaf03235d78961e032dba549dfc06,18.99258202
0x95bd87b9b7706d9721ccca819b826dec66117828,18.3281815
0x7ae466596c57241459ebae32d2e64f51da68f3b8,18.07336172
0xcece5bafda337d3a98cca669e022c751547cc1c4,17.85463471
0x770e44740e19b5a5138a4a4fbbf7f8b49d830e52,17.589528
0xb4a2ec8e193c9c614369c4168e7c8afce33101e4,17.015573
0x00000000009726632680fb29d3f7a9734e3010e2,17.01067723
0xc3bced99611953cfce3c52521570c65ee04c3851,16.90404362
0xcdb6d29a5f2f8d56af07588f5bea0e500b72548a,16.6370303
0x4d2d8ee05f7e40839509058d02ed362cc40e54d9,15.91537329
0x5ff960b7e6d6a7c7cb9e47a455f01aface69bf45,15.75925257
0x5f1d3f70a24d78f2341df674ffc7fdb27747cb7c,15.63431934
0x78166126b54f24c157ce5b6d7f73affe95968edb,15.57375
0x8603213d82723613021c6454832b64a24de3b8bc,15.06598266
0x662546dcc9f158a9abb4d1c3b369b07bc67969d6,15.00816557
0xad4745844bc838a22c6d63213507bc888dee3fc4,14.66513953
0x2824bcf86343e65fa593667a260936f605d08407,14.43102378
0xb533e1969d87a9a0ab6dc1bd2e93bdae63856035,14.37041804
0x09c6230e43acdf4aa89ccab18c5cfd3f780459b7,14.36776569
0xf3866d2f7c20bff64e8700d1f742bc67d5295b7b,14.27992869
0x4605446362c827b7ed9bd66d9d1bb166ff04351e,13.77910497
0x4e13318d066b7d9d911ad97bc3dce73f955cb9a9,13.47177666
0x3cd0d520144206bc01ef1fcb9e931e056f924d34,13.41661195
0x7e2d0d1c12cb1be7440386fd49d3cea6c744fdd6,13.40736597
0x035495b687850f79cb1652f416ea7ec19907557c,13.0656898
0xa58ae18d9ba353833b0ec13bd18af51fd31c374c,13
0x00294e084a594b6b4baf5395134cfbf853e39240,12.85985248
0x90027c06e2e813bbbc5489f17715255e28c0afad,12.80871315
0x930dedddb92fef1b4ab2665d250877339f064eac,12.62819531
0xc7e3c8c02affc3b819ddb435fe35624453307619,12.57621653
0xcfc7608cabb55532dd67f258135a6d29b029d441,12.38814572
0x87176fcd4dd0d9ca93fca298d0d003197424002a,12.20326961
0xfb5ba494c40830e24888417575c4d58a8b334aee,12.11133903
0xc36a3f94486c0ea0beadc5e5d0a0177c49f3d630,12.05493649
0xd057891c234f831be60fddc16ab14675eb3e08bb,11.54988555
0xb6dd3983fbfaa0a08717c45df3f518298bd08873,11.03851352
0x19cc01deee30edd86ff768196d1b212acdf7f391,10.92253831
0x8a96a91458f884e78ed17fe2eae77fcb82a49b60,10.63145747
0x1b3a629ab6097004d4c7569d74b437f239762f8f,10.09045736
0x7ba071babc8004d0b1c636b5339fdd808baa5f5f,10
0xc3f0326736f43d3953a4f56a33be21007a950ad3,10
0x76cea35af6610ee399f8a9a9b0f5a5a453a780e5,10
0xea6287746232bbb42b529fdb6762c87b06246e9e,9.47703075
0x927a739dc4e1086328d4c25d8c4301095f5e534d,9.225480119
0xbf83edba541786fe221beb20c81d2fefe5cfee2b,8.898627363
0x8ca9d41f1829c1fd474e94dc1649d28a8ce0bbd9,8.476161474
0x10943bd74dd3375fe6895e72da1fac6680bbf64b,8.33507875
0xbeec796a4a2a27b687e1d48efad3805d78800522,8.206762247
0x0ac96eeb2f05681eb08d06e350e42ce681ec5bb3,8.167896566
0x0c84cd406b8a4e07df9a1b15ef348023a1dcd075,8.051002618
0xd620a62a771b6b9904e3471348f2ee88c9d4ebe4,7.943785907
0xe30ebfb6f93c88b22ed079254d7829708ee09900,7.939790012
0x8e40ce46e83845cc4c7f58522ec11f7dbfecd19d,7.830921139
0xc59fca9f5bc31c83e995bc34a8cbc00349bdb667,7.54106297
0x8cadb20a4811f363dadb863a190708bed26245f8,7.426007556
0x7b62cda429e464faa2f508ae9672425f76add507,7.211976984
0x7ac75cc36644ba7d95fc44577433dcf31ac6f83a,7.180688049
0x668187bb3dea23b5fba201808a1cce0eb3c344fc,7.038133198
0x9fe7ededcd7dcf206cbe7f00bd23a6e70b398d74,6.896721409
0x4aac63976d9f5bee7317e16e0e3e97ce706e5b7f,6.890293778
0x620f0ea1abab10f799fd3aa0221e301dc80ef734,6.812248063
0x9433d2eef9f4fcef8888d449b76405270b358395,6.775848401
0x862c4c2dc134d59b5351ed52eaa5d15442245748,6.722270506
0xb1d7dad6baef98df97bd2d3fb7540c08886e0299,6.702561678
0x7fdafd4176e73afa8397a0ce5c48d36f5d6e48bf,6.64994776
0x0ada27a06e6d2bb6828dc92429f9af44e7ca4f17,6.603245622
0xefa413de95fd661346c6de01342b4779df2dd517,6.573750241
0x398d04eae503d4f4dc53f6c9069e5e8746a49c9a,6.562525431
0x5f2a7f39c6271bddd19f2b7631c4d612ca6a9eee,6.35604271
0xafb0b26e659bf19ac14968f3fa110888919c534f,6.331503986
0x2110e49bd671d4014c1c2227520ef0adedbae79d,6.279689183
0x0f2b16801e3694d7218220de41b636cf4c379f76,6.202915208
0xa46513f86847e79cdfbf0fec1b3e1d6dad096009,6.046753604
0x7b82de88289b0f4f59a6eb0d56afc63031850ab2,6.015539434
0x6480bc106f5a0b13d15f5c3acb97fa9945b34508,5.95734737
0x35bf039692bc23d05c6aa9c0d8fabb55d64a0b6b,5.656463409
0x3260a0dbaeee457d206abd41dda5e5cca0e5b767,5.29566633
0x52fcd5ddd1fff1a6e96c734683728fe4902456c8,5.218231876
0xb9b4901e5655b9e43b48e17368bb69b107bdee45,5.168467
0x9fea87816184eedc1bdec84983c711c435e1db8e,5.01567956
0x007d448b106da0920d9702e881b2b02a7225c26c,4.913557978
0x222a0b07a86b72d72237528815e53a602dc4cd1a,4.480925719
0x444b38c15ccc46db22b9590497023d91e506b2ff,4.32644729
0x77ce81a1aafc6162da0c4a68a3a29d0ffe10de64,4.276925149
0x023b4f66a7edbc96e94619fbd0093ac3fc265043,3.99780275
0x38f5e5b4da37531a6e85161e337e0238bb27aa90,3.793758859
0x89152974f181d44abaf70dafe5d47ed57f3d20a4,3.736252316
0xe50082d11a83b79473f0c15337631d28f8d483d4,3.69394772
0xa17f7de14ee47efb1c822a7610781c3679bcdf92,3.653424168
0xced2a0e1c3d5b96d8cbead377b897f050b980574,3.592549705
0x8b48715c5d6d1645663a4c460ea85ce846b8580e,3.429
0x39e3542945547967636bded530fd7030f133dbe2,3.350453524
0x555959d4d9a2e361e18cbd9788a609fadcf0eb9c,3.175001373
0xdc29b78c55e674742bdbdaed14002bdf923b1657,3.175001025
0xc048f18492765d6ad581977911363e4248d01880,3.174997701
0x4f8416cd9beea378e762dba75ae0113963928de3,3.174997008
0x8c2e9a2fa7641aab30f8a8ba6b6a5d40e4c793e0,3.174995747
0x1ea53ffc94714fcc82ffe04aba65e89d06e020ee,3.174994145
0xbc80db23fc2708ba679a57ba78911887d7731572,3.174994142
0xa1e2253cde9c272bc09cc1e55af906335eca3d8a,3.174993794
0x6f34ca7efd8731892d2fb03d5e0d64e071abe6f4,3.174992877
0xda7bd4aa3da868fd2e7e49efd320f0389c590681,3.174992183
0x41114f7c83ddba4ad2f567138ec09b6d94cc8172,3.174991842
0x351e15f995495a12924fab3eb59a26af33626770,3.174991725
0x3f22b1b24c0770844253f8a624b529f2eeb84887,3.174990928
0x5c5685ed8bd4c5fa510e16c39794fb850f7b82ff,3.174990925
0xa01a5d02d2bfa5ea4b02bb6f0af324ffbf901386,3.174989663
0x42d9640dc51d42d70271f0e7119419ee810b95f2,3.174989313
0xede064f9a72ef415ed67f5c560d6e00ba78c266b,3.174988166
0x931606aa34b5599a95d588f2af2af96c3f232471,3.174987365
0x0bfc604470106b26f1121bcc5d75f0997f5b4956,3.174984495
0x12356c4294a1dfbf8f7f77be4e8c7c83835f3c8b,3.174984148
0x9d09ce6319faf20c4bc9e41b09db9c515bf52474,3.108536509
0xd023deda9bc0a3ce0ba6f15eee476080cae66892,3
0x7fefb62f17a61b5b9b8c9386ba83877f064599f7,3
0x50484eb73886f385724fbf51ad3b7d5f26bce43b,2.985622816
0xd54267ba82aa08cf375a9a37f51ff5287e72c46e,2.972520362
0xa45b02556e32b31497cac72ad3272c836f47941d,2.929541628
0x4f82e73edb06d29ff62c91ec8f5ff06571bdeb29,2.910451569
0x8d53ec4df7ed7f14270c8ddd4b5c1e6daa90fb26,2.676374721
0x8fc1f9e7a595e78c80fc89922efce6e42fbdffc3,2.675752557
0xf1060ea787ef6d3bd54965790e964977d59daaf9,2.665039028
0xac789308a29783f507f1f3baacbd43326c5767f4,2.623455567
0xe3bb6c25e7962338de3c4566125005a1ecec688d,2.407050475
0x1a1992ac1bec503e82ba04f98c6851702681c35e,2.23571328
0x459d98777739571b6b1296214beb958b3daea935,2.205275746
0x7731fc13fbc5dee578518343cdd4f74a276b1829,2.163009437
0xc8840982f480eb0e95dcc95378ad9113c05b60bf,2.061915944
0x6a15993138da3bcfcdcb80fc66be8be97152afb6,2
0x7d1e08e631c84b6a87c247ac981137bd121ba48a,1.968156115
0x082c59a3849c6f6cdfc8078eb378742177fba639,1.927735783
0x62bab09f5a005e816756c5aa8778103948fa0dcb,1.893594684
0x9ab1af0f1dd48c8c27b977ce62b67427058646b1,1.806082194
0x9f27677bfecf3de656f088a7428d0d7ee4b559f3,1.7
0x06b7c415e4f1d37f8e046ba32a9523cdcd41fa9d,1.693252361
0x140e7364ee4e29a677a9d6ccf26ac945e7e80b65,1.620289759
0xba6b6600e60ab952f2401bee91d6c4bb50323130,1.619063168
0x2e80c6f072cdc316d5cd54cd5697c464c43d7ed5,1.513398729
0x2756c78ec5856c867485707d1e456f5d3735136a,1.437640454
0x0af86051172d0681d6efaef54ae15448afc8a27b,1.382879304
0xf1ef7a69fa5e767691b0b9bbf3bbe0432e3497ea,1.361703733
0x0c7c1102c7559a4919769bd93f2cdbdbc792a7f3,1.336917754
0xdb6335ac61d1e2e1848a05fe7708c021fcb04794,1.33230664
0x41cc14afe619d3cece2933cf7fffed030f7e74e5,1.318606498
0x9d29303b2ade07e5428276aedcc1f32235f1c246,1.285557243
0x1809829b0e472fd1939222accc46372713e37cc2,1.275019682
0xe9098280d56787782221609aec404a4346149d26,1.269877277
0xb6aef30d6f8b72fade2054e460a50f774f98da33,1.266473302
0xb235eeb4c774ab94d2fddf8286d7bbb0b5acc3e5,1.209673367
0x5c183b6b02444977c7db8498bd608a9add62924a,1.149264094
0x95a2e8c1e9ad77a7452736c508ce5a5a6dbe98d3,1.126765374
0x7d16053f9985c42fbaabd3e35ed33f486e256b02,1.108842811
0xec1fec800e31d5d81a274b22ec2e62815b011f53,1.083840779
0xecda3da17ec51e3f04a8937120cc60b8e17f73d5,1.037599815
0xe94d0b0e7cd3bc5726b23cea63de3211a41ce9a4,1.03617466
0xd4d25b042fa02849511c403655c5523c21543702,1.024271085
0x760c44790d4e0f364f76f448bf000c5aaec04961,1
0x8e9c792b173c485bcaa989470a2044677579c24d,1
0x2370cb1278c948b606f789d2e5ce0b41e90a756f,1
0x48e855af7b09e1c4727680cf3549d11cd440ad01,1
0xf3aeb70b675eba52df7eff4509c4d853406efaab,1
0xf7dab7cd77a6f8158de19a53bd1114c5382d4374,1
0xb6d42fdb75d20fae27231a5fabcf7130b4028b92,1
0x5c4adb5b3b507f8172abec52e372b56b8c1c7ff8,1
0x93a6cc375010e8c3296efb08ac0438af0e356323,1
0x0f0515daad07afb849677ece012b9c744cdd7901,1
0x6628b7343645bbe020b09414247b86f8154c7882,1
0xe6822882dfa0c3c8cd4fbfcef544abfa6c29e054,1
0xf48acb55a72a366b0f0205cfe1b2ab6cc316a001,1
0x083c6ba1cb93631cc1fbe39d4c795dbc50dfa585,1
0x0b32c8a52eca9f513e0aeadb4c2fad9c40faeaaf,1
0x341621e2dfa61ae4a2b9c1aa01bdc35bd14d8a0b,1
0x15a87ac88f24579e07b17707f22e85e4fad5877c,1
0xf211d1166b9a07109174372fa2471e211ce7286f,0.8755716033
0xd970bc655d7a0cecd617af654c0f0397c6b9a593,0.8733662316
0x043021f3830463f088348b65305b5643d93738ab,0.8670023751
0x7fbfe2fc3c77bccaa37fbc00ebab2fb059ab9bc2,0.8318982675
0x25fa68a4c340202737edbc67fd1a2ec8de872db6,0.821715829
0xc8b93c4079841353760dc7d268490ed61040d91c,0.8162788605
0x37bc88400ccbdac5335975213b9b05f7fd915ec8,0.8161875601
0xdad588d784da406a4f2957bccd1b471d1f081658,0.8093512355
0xbb7fdd3c85782bf829c6f0fe78e1f26103201832,0.7753144251
0xdc6dc44fc10aeb1df247bfd228c0e17f1a28e930,0.770922559
0xc2f71a04f8420ccd24c28dc51bade6a8d034453d,0.7677834418
0x0000000533d328b444f10101ed67d3b818c5d7ea,0.7604517652
0x4e29fa717fb61753e26885421b84ff7e06df585e,0.7239085648
0x2f95fe9d66b72c35d088b6c9315287d85aef8797,0.7238540403
0xe05e5cd3b8d480ad9dddbce18c4a42243cb67548,0.7231437198
0x1cd2ea7621eb11066b3deb0bfb7c4b50177c9ce2,0.723118669
0xb5fba896b5066a9e9f773d4c6bfc46f8e25284f1,0.7230944096
0xc5e05059b79c4667f44d36b046727a86e7ea0bcb,0.723082822
0x2f130de2ceeae0fc335b5791494f3a7cbfee1594,0.7230657201
0xe99791818fa6225a37768670ba6ec177103894d9,0.723057773
0x4992b66334a784bb0621269003f2af080427faa4,0.7230442395
0x6ab00efd9edfbf1f057c1d6ec99975c34cf5ef89,0.7230219284
0x117f55225d08788fd59c34cd0f6d33e7a7836996,0.7229896119
0xa69e5f4dbe81098b9368328a4199da6b2803d956,0.7229860853
0xbcf548629cf5908e2dd2b3d782a3b09bf8788121,0.7229724157
0x6424bb5fae41a170650f21ebb3e49dff13f941ec,0.7229609274
0xd67b3f92f92aa4c54f3e91701a89eb34424be293,0.7229538421
0x5aaf37ff8c96a1d8f700a0dbb921c82022a1d04b,0.7229437314
0x4d8d133e16b6b5c0bb16392f990e2fe7fc9a14d5,0.7228182294
0xe1d43e69da56c919e900ab313025b061ef44b22a,0.7228172549
0x8d82df2d08e06b83aea743817648cd1277f0077f,0.7227778224
0x2e4c5784e5525b445a953024da8c0467b2113b34,0.7227455869
0x2838534ca9f55446ca70ecd8cd6ab46d9e08bc22,0.7227097551
0x46856cfb4ae2c1d108a62e14c4d85787833bb87e,0.722151536
0x6b2e4c90b458d399ddeaffd7164823a5dfb419a0,0.7220425287
0xaa151326b656ee7cef31df135345d96a79c3793d,0.7220246784
0x504b111ea99035dd776613528a7a5d1254edfe67,0.6909804672
0x456d2f646fa3ebbcaa0fb0b13d59a72f891baae6,0.6860339926
0x77e7c5cbeaad915cf5462064b02984e16a902e67,0.6715037041
0x4793c8d8a055df1abda8b3ebdfa7146561149aef,0.6611212634
0x115d4924e6e620bae39a478c502d7c1fff650ca0,0.6236425006
0x36ed027d7f796426ccbb7f3d15c11a0eee420eae,0.6236222731
0x07964f135f276412b3182a3b2407b8dd45000000,0.6210175305
0x0a057470850e19c96936554f3c62606974aaef2b,0.6127928079
0xdc0c77110c84ff10426417001ee13b2315728143,0.6071335628
0xe9845bd62504058f558559ddfafa1e348b4bc9c6,0.6071062751
0x744044ae84debe66b8b6b046cbdaf1644ce4fa3b,0.6070402205
0x4a183b7ed67b9e14b3f45abfb2cf44ed22c29e54,0.5970701624
0xa1d815e65f5e3e8502291fbade6fef15290ad458,0.5886673612
0xcde0c494e5589332d17adcef738ec51c842fe531,0.5808329859
0x1c2d11c1e1a65ebd746b0660afa47cc5fe5e0778,0.5803685721
0x33bc4394ce1c2f7d2b760d63c94d0e5433f2a30e,0.5535388793
0x37abe3c29d19383249e223b94c52580a745026aa,0.5531601319
0x945f0cfb7fa261c526f45fffac22d2cf5958cb16,0.5531466024
0x2afb0cb62bd475eb2ec1fcefea51829ebbbb0e52,0.5531057498
0xa6648e99f2099059eb7cbb7d14e1c3a2500fb467,0.5530293789
0x824c7e8ac9a0b745d92351217f5caf87c9ae7ff2,0.5529931589
0x30b1ab9dee939a83bd72abe14a2ea4568047910f,0.5528883533
0xd5f3387ba6c1efddfc536c0cfa5da2ea1db06afb,0.5527191844
0x864b6369e7294640cff3cae76fe2c996a6144855,0.5526141503
0x383c88957e2346d23892a6427869c2630b046f48,0.541469114
0xca3078224ce24bac2628107c0ea05d2e40fe007d,0.5364176726
0x447754fecffa59245a227277ddb9ee53d25ea91f,0.4891437385
0x747276019e3340104c96397bf6537ad01f93d7df,0.4881389303
0x071abc86b5acaf36ff862be5438957778313a3ef,0.4670098026
0x3d04ce9d61edb8bb9a5d17c6bf872c4e2bbc7ca6,0.42
0x7ffe1b6b13ee23c4e07175ba54aa387d0495d2b4,0.4168575844
0xf3fc1ee236e49c7335dbd5f347d6ce795afb773a,0.4088268605
0xb6f0e5bfa92c02bd4cc54a93210fade1348fc9b9,0.3929132964
0x427fa80a862676cf410b5d496ce0bdccbc4d0248,0.3903759241
0x972d81db09e0189303fb72d66d7d4a5c689ad6ac,0.3760749222
0xad7a1eb0ce5f970f27ba2477c3e911509720cfad,0.3673842666
0x616acb8e2593997a33cf6c28e9b149b178e099bb,0.3615882361
0x5bfff47855062ad8edb40855a22e34d716ca7dc2,0.3585591202
0xdec3c909b7af617f4c0ef856f2425ada0c3e000d,0.3553256244
0x85947bd0018997c8a74861ddd81ae83ffd8d7a8e,0.3485638068
0x5a605ea397e99bd88fb9729566ae366885d4d037,0.347687606
0x15fc18be8f9ce99d083deb0536efa0ac834bb662,0.3433681738
0x8e8af0b659ba45bf4a2ea7e29eb231de8ca3abc3,0.3383307875
0x922164bbbd36acf9e854acbbf32facc949fcaeef,0.3367732319
0xc320d39dca9af5488c8443af4fc3277390c1042b,0.3321541226
0x6789c23e5655cbda7a601deb45d6bdf2d368358b,0.3303714566
0xb40b94f6bb6a6c0cb94fb5d094922ea51b72fd05,0.3207828454
0x036ab2445fc04ad8bd7def4d01d9feddc95008c1,0.3101919061
0xc4c5c55ec68ff7bcd10b08bff079a955628537bc,0.3087035509
0x12bf699469a22e16c5dc85ba8b26335e554de809,0.3011865277
0xb7c47b5791b73174f6cc90c92f1be24966cc53a0,0.3006641466
0x954ccc6a49e63b0324f9102e15c89dacb08ca3a2,0.2826801047
0x656219be7116f94d5e763eba8ec2c0e37f486c1e,0.2810346037
0x96c195f6643a3d797cb90cb6ba0ae2776d51b5f3,0.2776543102
0xc72d8eec66c0c65d37d6a00d04bc8139de8dc495,0.2726566625
0x6722f9d20065f19d495dbf77e81c786d5b241df4,0.2669838041
0xa68c637f78a1755fd72d279788f58286dc12e455,0.2657076322
0xdefdd4b57779630efdb1cf59d70eb21fc38cd6d8,0.2511770077
0x48e0d2c4be37c9d4e971597fbab155b6db4736af,0.2471306043
0xf90a1058cf76fe07f66f2d567a181a2e2d856952,0.2449633164
0x692b6c7146bc12a0189dd9d584afd35df492fd81,0.2399749461
0xc9b602a90718282e07cdac24e51d5edaed2c0528,0.2314703933
0xc75cc058a3a03bffc3559d753b6923496e6665d9,0.2252734612
0x41d055587ea1b401365757cbbbf9e172483b6dc3,0.213734585
0x44a31aa4eb3067a0c423911aacb4e543d93252e4,0.2127285586
0xfd13a78d98c6dc839e0c4805318ee1b7035bc3cb,0.2098034233
0x179441a3857c62308d0b66f2512f4520111cba5b,0.2066648699
0xb554ed300fac462bd591ed2b7c4b5840f5af0e40,0.2
0xa000bce4ce3d1b3ac63c2e0488ce76fbdb9de764,0.1985615412
0xb7f372506373a2a6b56e54ce968fb0c12997895b,0.1951027661
0xc85dd4d4d5df067f2942088e689e552903556a22,0.1925095485
0x67e4d2336e70e33ec3ff3a8dd685e644e93d5664,0.1842231756
0xdf73313d3fa3c3e9a6b6c1a5033982bb7fcd3cf6,0.1672460877
0xa9177983482aa79955b578dc2478bc501a3c9876,0.1670663723
0x3cf3a3b4a9ee300d6fee88c6d4dcd809dd341aad,0.1635665104
0xbe294c566e7797ee7d047ccde49add44d74055af,0.163006944
0x77e451ccd56f705e2f346ca7ea0e8b74c1299ce8,0.1573675128
0xf683a67c53d3c6a0b9ef9addb1f87868220b7016,0.1561263709
0x33cd3f3002a307c963f03b3f11e16fab3232f973,0.1558846515
0x16efe24eab3e11d111f523fec895087a421ee1ab,0.1556357425
0x0207c14c02e8dc84f9b3211560341085439abcaa,0.1550127408
0xd1487ff8976ea225b45b40148052965343f86726,0.1546479463
0xaffff5288edf8fdd3ccb7caf928cb5547caf5c66,0.1545186908
0x6d5593d3d15dd7d2b647c5699edc8b631a5210c0,0.1462520366
0xb7503555eb8dd1d228d135a38a03ed4463497395,0.1454783812
0x2f69f001f9a711eb76ac56111068b60e6f65c7cb,0.1448900189
0xcda71b244995c917d1ba805216af73738e6c843c,0.142730911
0xa2db809fcaadfdba127465e6619ac41208ef0508,0.1374348422
0xdd8d5dfde75d2172c3c291f9411a25d713ec9f2c,0.1373361202
0x412073fc816dc90c52a4a390c1b6c2d860537149,0.1371900765
0xbe032ef2df3c5a907e8f4a78bb74e8a5a8d0145e,0.1371776861
0x4bfe9300c16c7235b2d28ec13f95b2eb434c068f,0.1371651642
0x7a4a610d94b060912349cb13588dff375d2c3c8b,0.1368941155
0x1830a1590e0016e61afb99eda617526123a4511c,0.1368681549
0x8304499c35729766470c74ea0bb50fdef06e21ff,0.1366477452
0x01de2be82fbb78f26fe70fffb39751f7e7f25461,0.1366371045
0x56a8d8fc7102599601eedec7c3dda77b5437e0e6,0.1364579939
0x03c3c7663a39b87b624fa06546dcb0961ed798d5,0.1364243174
0x2b8724ba0a59b27f37d9800a3cb83fc102630520,0.1362752443
0x7e7ccdd07d63af2543d8429034d6ff7b041f50f1,0.1362657649
0xd5ab62649a0c85a3ee3ff4fe0408a696703c8b77,0.1362604593
0x252c6d1de88b7047c7834131a5563d6ac43e6200,0.1362440332
0x20d70e8f39af8358b4700c0904338df2faa220b8,0.1362347187
0x7233431b4942f0c51911142b7382478fe4579351,0.1360988712
0xb7574e787c1e28e512b289037c86016a239945c1,0.1360678506
0x550b778d4c072f22be9d1f9da0ff501d91dec857,0.1360525192
0xb20d0a0ebbdfdf8e0004bf8ecfd609071c6ba1f7,0.1360232559
0x9e4046723984930fc16f6fdeb116c34025ffb856,0.1358391386
0x1d5e9267b36c551d9ccf9c439a84537d0db3d7bd,0.1358154778
0x53343babef7f50584616ddc114487c7e3ae4a6d3,0.1355913691
0x45be24921032a231a31856e1e969aad16e9cf619,0.1355841433
0xe197c675aff835553d94bebb4c396d4368de5220,0.1355724168
0x053a5a8a072560ab042c430c6ee5f6e1cb19b49e,0.1355641919
0xf52df0e640922cdd3ec9aa07594718d989def870,0.1355152665
0x129d000714f0da49be701cfda49d5d3f77331782,0.1354725612
0xbcde384a794f9d98adabc6beead1f842844b04d4,0.1354671851
0x53c399edf64c1a1b3181e0a6716fb27bcfe07505,0.1354463236
0xbb60d1b836fdffb7d7fbc0b71d1815d8889b38b2,0.135427982
0xefbe53814dc88ef71db201a06f8be7d0d81ca001,0.1353986705
0xfa5dd0ad736c3bfe68dac6a538d7d483e6afa7dd,0.1353535308
0x7185edeac6fe584a1997a23e8d8be38094395b72,0.1353415079
0x4fc24570e256fc6d0f6fcd62530bb743cbc9ac54,0.1352428978
0x48e21401007d5e579f00dccfeab1fa4d2d04c566,0.1352051532
0xc6e2d168797fc2d0e6a63e2c30f71ef8b1d1c824,0.1343380711
0x78ca0baf04415f58465afff2b41d44db5d1301a5,0.134331443
0xaea970d56a89afc66a7fd011f8db1e5cb4a3a4e6,0.1343068312
0x77de7125b006a280a5d439503ad0f7220c985345,0.1337581963
0x317c3c8488219c8a145586dbafbb9b4822c7879c,0.1336693022
0xfc253b3bd422bef273005eed684914ca3a3bb1db,0.1336577557
0x75ff328df685157a9b390dc77e948b23e36ed048,0.1335386803
0xfb0097dd4cc2af2d1cf0552a3d17284601ce3998,0.1333909309
0x49f894e94a2b9e930d50dac8b5a9bb01cf6c540a,0.1333872568
0xa3a8db0380bf8d29fc91c982e896ac5c03830513,0.1333583127
0x94c183393fdca9fcb19c6a7a7f28e9132419729e,0.1333545102
0x5aaddef4e015bf1a0a57dcc589486ea27c6577aa,0.1333531731
0x3e4a5b455d2c8cb1b21831586cc0ddbb9623d2a2,0.1333470466
0xbe89d57e0515a2d49e1f0f7335c201bf30abdb5a,0.1332705513
0x596e1017040449ba5b0914063a3b85e9117f3f7f,0.1332617273
0xc6bc08be440095ae87ec81e0e26d55b1f846c54b,0.1332326856
0x183381a03a267714850544abbc18b2cbcd5121f5,0.1331910068
0xa01353ba22090bcbff6a456a4e228c5dfe7a51c5,0.1331481008
0x4fc03da3f6e1ff9a6316106e1151d7a1d63d938e,0.1331344367
0xbde65188db509fcd53dd251daf30f644b3a6e582,0.1331322074
0x6033304b8523303009a37e779253c4df7dd26b14,0.1331154575
0x4a87b815f3e40b9b49cc2fb01f5dcfd3d2c2d180,0.1331112341
0x99da31de20dcdac518a2fed71b7987bf93ceed3b,0.1330977757
0xabd2fa3a1c58da2d31f1f3051a9e65571f3759e0,0.1330927787
0x67cda70ec5a0c11fade9c95762a82eda65487fb3,0.1330847385
0xbdfa77a646b058b0dadf31583c1e7d74148f01aa,0.133080749
0x2271d1f839eaf0a8b227b050ab96bee76d199e4c,0.1330735254
0x2a5522acaef83e56974504d7f374f8fd7b39c6d4,0.133044716
0x3ec1751e8d36c8d6b1bb7d469114aeadc0686bdb,0.1330275038
0x3413bcd828cc1366d9a80eed5ed56cf63c5c7591,0.1329797178
0x14a0430346151e069b71013c11c273517421ebdd,0.1329758325
0x346a12a389d1d64d2a89a98b7e89ed17649ff1f7,0.1329194381
0x699bca9c6575c09e1d66df53f016f7bf7a0b890d,0.1328920093
0x0388b3590b58f2d4770bfd2cdb566a854517c5cc,0.1328828535
0x3275362936378e4eca0e4ca74c31f3cf4ba58407,0.1328766113
0x91f8cda86b5bd38f7f59f2379d9e02627d0a9692,0.1327133727
0xc545cd69fd96d434785b84206c3730f3951be5e4,0.1327112106
0xb8d0626f5aa9503de40cf535fb663f3bbe99660c,0.1326932235
0xe9499dc96c4d9251ee876a0f29a237cb774a7395,0.1326793605
0x8a2cd4bc314fdc8daf2c7c9be68773087e8dd76d,0.1326760578
0x9d365ab82fb728eafa793928adf06410f8958a0f,0.1324836844
0x2fc46fff956362f8fcf1a8b7f30b649d9f01dc48,0.1324160158
0xea2bc83de3dc41ed345843ea5e8b3eabd32b9594,0.1323896814
0xfb9a72136408d8ae6c876a803e48432ef6d15d76,0.1323641254
0xd3f2b3a70152c1238f945e850cbbccf426ea734a,0.1323416715
0x83282a31612dcef6209b128b1b800a8d200f9820,0.1323122621
0xa571f563e26f2d3a9b6d74d4a65ff6d208120d6a,0.1322969056
0x1589f20ac6d6984a767f5745e34537753986dbdf,0.1322271733
0xe43ab089ae56b0f4aa04930d4e0b029d12e6dc99,0.1322267549
0xf88160cf79e586b28861a4c76ebbc36f2e135184,0.1321832963
0xc1399cbabce331739cc8b86368671d8e3ef4c397,0.1321723554
0x68efe7baa136fd6f60cfe6c56b674cc73ea3b3c7,0.1321490126
0xc530f123c2ee8d6ea17a31ab0a46ae206ede9999,0.1321335001
0xf3787fa53fb6fa2a69f52213cdbefd5636146e59,0.1321227736
0x4e649a3ea4b29e0ec3ec618d52e6799819737a94,0.1319539312
0xe219811e7715cb1033df865479a685bb619ce762,0.1319404501
0xc8927b30214f8a658e91d13421c70971db02b42e,0.1319162141
0xc59863dd25249900fee438ddddd4825663229250,0.1318765505
0xb60fae68a50f804705a12d9e8ddcbb36ee18c4c9,0.1318746719
0x0d38b8a81b5ad55711275892fae8f1ab92bd89e8,0.1318581307
0x6d2a1e4f893c227716d272c5f3c0c8db926714c9,0.1318530938
0xfd561a7db1cfac4d060f41faf365a25653a4ac38,0.1317417072
0x6b18e60ca765592ef38851fe9c4cbf7d1fbb4624,0.1317287239
0xcc72f64021d149d865f98df5dfa3a4457f446fb8,0.1317287128
0x47f37554a6343203364bb1bc2b828e8714f2b261,0.1317131417
0x1dcae1b542e5fa62d6a522313388a5b4bae18430,0.1316678449
0x791322ac3163f00381461f9a9680e18b5d12d6d3,0.1316651969
0x1cf55c52b9450550317fd8b03092408b3570f9d6,0.1316193564
0x99303ad7416a7abca109816bf1125eebbade43ba,0.1315942401
0xa356eb61c2e517ff9fca00c29b05e4527764820f,0.1315841244
0x3170d7049596b64114968291fbb5ecc78225d01b,0.1315748062
0x14162952b2b40ac4fc58c060a1073549fd56ca52,0.1315628725
0x2e4a1fe2ed7175b037a1486b8e6d3c29af41034a,0.1315526115
0x3d21cf23ad98af5e017b1da6c8d6b2af55d0b4d0,0.1315353
0x2f97a12ce499c54774e8fe5a257ef307c0b58776,0.13150529
0x9c2a603af2d91bf927992372ca24e399657d6092,0.1314690438
0x523d20d1ae048aa6cce5ebb8e52be696c47d4720,0.1313679286
0x9d75affe4b78c09d94f9e0b0c884acf9bff550a1,0.1312915763
0x8d16c0d97716ae7cf9d739bc66353a339638ffb4,0.131263583
0x58ccb8d0e627b717d47ce60dc9ac61a45c9b2a62,0.1312575417
0x1423549a2efd5b08756fa885266ab7999b52e07b,0.1312449708
0xe6d10ebc236f75df5dad46be66f4b3380763c8f1,0.1311890687
0x0b7166cb5c9c7ae55e99e0c4e8aac799de51fe91,0.1311790874
0x6880411ea429c0b71eb5346e651d646852ebd857,0.1311042452
0x28ddd2fc4a0b46b2cb72cbed65bed49135c8757f,0.131094081
0x43a7f5bc20dadcbfa06f4429fe4fdc38d1d3aeb7,0.1309714663
0x88ec17d35456683b82d789210d9b525994298f17,0.1308734076
0x7aa07bd5bb58d61784e53893b3466dd1fdb125ef,0.1307357575
0x3ffdf60aba1af134d7d353a9bf74a51fb4b34f50,0.1306190768
0x3b8b16782d05fa2360aa4c5694529405a268910c,0.1304014687
0xf9942e6988bd538eafbf3aa1c45cb7f6603af016,0.1303251082
0xb7140022e919c902ac87a2b7aced8e430edd7f79,0.1302602469
0xbbeede6c773ad456e66bcc9fe61cc695dc8b0cdf,0.1302357172
0x4808693039f91791dcbd99de5b033a5bcc22a88c,0.1298203424
0xe3ec58898f200a677e9cb042d2ba9486961ae313,0.1297691444
0x3c99d623809ea130d477021fb5d3727c46951721,0.1296574406
0xa76fdc8c0d34fc14f55ddd7e55676bb9d877ba59,0.1280409713
0xa32cdc038d2d414aa62709cc81d8732769e92db7,0.125
0x63ca184d4f454f8511dc98abc694dd5ae8f3cc0b,0.1144938975
0x07294923242089cd414f526682df2b6b6f2dbd43,0.1030865557
0xa60193385bfba208850ea8e50cb500dc70c128e0,0.102540345
0x07d2cf27709a78dd7a033ae42707ca011a517025,0.1005437006
0xbbd6a8a23a09cf0ef85a83c205f003133e5c1547,0.1
0x7a1e923395ccdc3874fd4724c42f9a703c3ad870,0.1
0x381d512d16beb5f8183155a9aa4c248cf1bc4083,0.1
0xb124972f707e3cbdd963aec1d4164a844bda3ab0,0.1
0xe5dd21a5d4b9947754d63e18c5d50a5f47867d27,0.1
0x6d2c550f32f228fc2fbec061f10fe60f36e5b2c4,0.1
0x71fbfbc64a100cf71b7578ecdde610a9eb8f8203,0.1
0x9873e54ff7527ba574dce58d1369561ea67dffbf,0.1
0xf2f43e88ce76f2723a18b1be418a2c31dd0d94a0,0.1
0xf0d184ab0e57b6f73aaec350eb6dfdfae47f150d,0.1
0x25bd4aff9e8e176c6d08f8ffea77a612a1de1b11,0.1
0xb7872111d75d34528d437659a6acd3727c93dc92,0.1
0xda3c2cf0d00ad47df45c64dc7c3c8072e759a8af,0.1
0x85f161e0d19e13b56e4118f2eff6f3347e7209ce,0.0955313699
0x39597715847aeec60f2dbcac8d5a9d35ed5b9d12,0.09406127464
0xa4801ab21fc8e7b0caa743ede922f4cfcea7cd78,0.09205498526
0x04ba6ca1bb8e6fe45936b34fa6bca3529842dd12,0.09177235536
0x50c491ffda25f9e472d467d60835468c522e7d3a,0.08993382732
0x6cad18d4ea9dba7ebd1f18cfecc7fa80ad1eb556,0.08907236588
0x6e176fe465a7153e86ecdc07ed99cf0cef835e5b,0.08794903215
0x087f12240c063f71de7810dc12df89463771cdaf,0.08722865904
0xfbe259de0af01af7e4dba4b07647faef49a22f89,0.08695235282
0x063621b069e8a2308c8691a24ca2ea14ac311d8b,0.08610051895
0xf5d767bbe080a3c4966943950070fc9c209f7efb,0.08465718093
0x4a01877519344f59657bb87017207dcbde64288b,0.07983220709
0x8e69056512b82a7aee97138a6fd6df9abe36d810,0.0789687507
0x72eef1eeaa8458fbb7e7e8d6cd1eea5f67b8be88,0.07891200667
0x1c86e872e2b290bbc9b31ddbeedbfa697c894811,0.0747073434
0xd021c76c5b98737a823d7b9d80bc504db59bd127,0.07439404358
0xa6dc703f478cbcc0ee8048d64dce844e841630f1,0.07439404182
0x9cdc416d15ebffccd85829af5fd1090f67182fc0,0.07381124557
0xd1a90b5252248f84a9c7fad47bc5f7e8eca76c3d,0.07138411184
0x4df97851a2d697397594befd947074af8c2b663f,0.07005532383
0x541896cec8072df6cc63d6b13d823f9a6da15afd,0.06951792606
0xa1b342ef9cf077407c261d59bb481df0b92d5b54,0.06882807296
0xd7858e7f206d59f40ef44123efe9eda9ee2719ab,0.06823985725
0x2569f58030f910e7e7f0cd312a10e9ed8fcd0370,0.06802398868
0x796e64e5806c17b3eaacb248bc5166424d2d4d8d,0.06699376603
0xc40dad8f2c933e59cad3bcebcd75d4ce1e1620ae,0.06594813791
0x13716b74c3dfabc4db9c1c549e8308c40e80ae0a,0.06594705085
0x7b7ebf21e88b17778cec91e1867902db41f0af2b,0.0654852476
0xc80d80bbed03ed1ad0ba783d0eb15ee126619f4f,0.06387131592
0x059dff1a9e3bf470ac0379ac8e100fd6f7b7052b,0.06329774209
0xe2e508e3462fcf67979265a726995aade3553386,0.06238246333
0x96d10ee4cb6cbb3c3c6f7861a64dbc5d8c3289d3,0.06198092441
0x98bf1cdfbcfab5f9d8b7a5c317a9843833bde269,0.06040258303
0xdec38b0c755a7cd69d176ef0cd9d30a2a2a667b2,0.05711490795
0xb58d3b86bc8e747346a40a4af7494d1bb5204b0e,0.05611337313
0x7f6285a1d2453d4816159fbb1e387709e6656d24,0.05464916574
0xff56136bee3439fa22df7bce6a1718c9823cc346,0.05435802656
0x3e02ae79d5af882fa717ff2fb26c0ac4096d90fd,0.05342154838
0x28b90cfb1ffbecaf25cd2fa852cf83896115d7e6,0.05113877013
0x361d32fc749e64efddc5d311f1edc3a0a004bde5,0.0506361029
0x14221c978f2421d45467223fcd20321551bc4a36,0.04911945368
0x7ddd4d1049f99f7598d3d1cbddf88053ffd3ed0d,0.04769137631
0x395964ee49c690294f0e2acc55048e4ccf7a2ce1,0.04759394457
0xe97412aa723717a94a18147a7f4984fd7e84e7cc,0.04732743057
0x47c2ceb672939c081a9b39365474edecd67c7c8c,0.04727613952
0x7014119741c6fc209fcb9d132bce418962696f0e,0.04718744401
0xaad6aea8e6f9f20b37af1da207481ecc7ed7e574,0.04578446079
0xb33af73fada1183e7064eaa78ca17917cd7bc4e3,0.04553956342
0xa0a1a31128d0cc1a1acad7b10a49745bb6879203,0.04365322366
0xaabee64fc59a79a9e567e9c8f2f6b4f9c304e96a,0.04206007438
0xd6e086a793380fe2a26076338a45655e12332639,0.0410253704
0xcfef9e7d298301e5ca077b455f26e6e8b86746fe,0.04069190996
0x1c3bf2c67606dba0c15df355830ea8cf6cd26296,0.04019300932
0xdf8b6c3ddbb25d9e8500f4d004a6a559c9aeb2f7,0.03918652809
0x33cd2d8eb4b00ad67e0ba9049c7268022a120808,0.03907400467
0xf7559c5eecb2788ebb0ceb92270699a0fe660b8c,0.03894743802
0xde42d1686dd4e4726bf17fcd3ed2878f9fb5e620,0.03629445775
0xe46699e036a709e5e682e651722e03e1f051be7c,0.03527033977
0x121e1573b7c6c15aa4c036d54bfd2974cf38a163,0.03367434928
0x84d7daded0a2b3aa12e3aa060a0fb06b882155be,0.03275003869
0x09479273b716d5f780e12ce083d01bd9f740afd7,0.03267022494
0x0848d54a7e15db22764bafbcff27e65b4d0895b1,0.03218089175
0x344d6aeaf78108242030295c5301900cc1a89398,0.03166136567
0xa98293a52c94870ec8ccf4a5595896b0efe11c10,0.03161773595
0xb3e894fdc5f24e5ef9d704479c94d6992532831f,0.0315601823
0xdc5e985831c17e407492a2e9c694d10f392c6c29,0.03066089732
0xf652de018a0af6fc2a7c268992ae79db067aec2c,0.03040573711
0x0cc7f909e5070abdfea797ce8d37d35c207bc1e0,0.03013892128
0xe55dc432a2b4b55f489dfc69ca5044e36db9f81a,0.02945393911
0xd53989ab762e8a8926163f48715099bdeefd3457,0.02936940013
0xc18df85518902c59e9e01fecc7ce5de3656de3d2,0.02900089016
0x88580a49fcfabf727badadad1d1efdaffe5d2b78,0.02838229715
0x6da98da280bee5c59310a62a90860ffeb1fc83a2,0.02813565094
0xfeda0310df34dffde275c9007ce1187e110871f5,0.02698720857
0xa73f087bff59146397e09cea89c0a56aef7af89f,0.02660603956
0xc83f8ff9e8dd06a1f11ad670b3844fc9230deedd,0.02593379836
0xc18a4740ad88c612d67a1d95779536bfe9455585,0.0257591672
0xf754fff6216f7407756ab21b33eed3b3ecddb177,0.02522678091
0x5dd3f7847daed53e434b022f3e7ab2a9d111b11a,0.02459615987
0x715d1d5a8f0c929317bc9f829d01b1d0f30db2b7,0.02430257495
0x114cf12f4e8bcf3daaa1fb60f88d59e3a53783ce,0.02428150629
0xcedf978e130d00084edcbf33ecaa314891eaad1f,0.02391978605
0x82183665219089937f56166defc8da4eafa179c0,0.02390908686
0xdd0b51d55c59029ca60f1d79b6b36fb728fd1cba,0.02359553906
0xb3832ce3c48264f8371b2edf3ec7411b404996c1,0.02318382175
0xf539fb80b77d4eac479bd3c51b84c0146a3e8d6c,0.0228896911
0x39780c69e8c7850621146af3d227ad47df88e923,0.02266994654
0x0da59b297e98bef791e2ba882c1717cfb1529687,0.0222238544
0x85d68af1e48c2778e485411b9e38eb0f95aeb486,0.02167235603
0x7b66b4cc50ca05f98483e334b7a6d2214c2c700b,0.02072689636
0x1c9646467d5addfaa612b62ebe777bfc02479a1f,0.02071228498
0x44a1ee5d71df25dfe133a3fab0bf942cec4f52dc,0.0200131297
0x46815ac3fdb148f440f8e5a6a5cd244a0fbf5524,0.01982804437
0xe392396e811ec252822da4459eaf29e96f002877,0.01946938164
0x0c3359a27e428852d8b79c2ce40123b50a455a6a,0.01900944732
0xbd15ec24334e9969846a2e2b43d901b16a16e4ff,0.01757709335
0x56dc548e418b23f1d4cc3e30f3b63a80ebaf3e53,0.0173332483
0xff11ada077fcb1492da0cbea90be473266814af0,0.01688743387
0x5bd1ba88f42b37498cd49224b58d91de77ae74fe,0.01590678158
0xd58eb0fa6576327ce7a87e38bea4f1346089e692,0.01589890651
0x72e82e2812815c75c185bcf45dc229c4500b24bc,0.01569108539
0x37ca5815489092a3fe4f5289c2a0e2df28425ab6,0.01527360354
0x563359a91bdb934281e05394546aa19b9ab59699,0.01462342159
0xa646adbb79b68f7db79d418ac1bd27a0440a6758,0.01448145467
0x09ac54b073ddaf9fd3d8df0f9e64bc672bb011cd,0.01446178894
0x8dc5581bdd55a9890e72e6a86fde44d36dbda833,0.01430017175
0xbe98ea6a948ff645d4ebb12ca051451a9c61be15,0.01416259633
0x26d4825c8ea12dce49fc6d43010114ea3b92e590,0.0135509617
0xf1ff911c9c3da4f4a8cb45ecb244017dc97d6a12,0.01341911927
0x6cd9afe0a1856b9574bf747f8f22e49bbf4b7be7,0.013402285
0xc8d8adc34e5028db23da142ca7cf0d7453c04af8,0.01284809633
0x2f83852746ec6359a9125cdcd5c9a6d444a317c7,0.01283002051
0xd74f4939b7d301adbef455ad5b6a8454e1aaf1f9,0.01252474867
0x1271caba4bf23f8fb31f97448605d65ee302ca51,0.01246986479
0xfa821c45eff6cfb199058ee0459799de4901c463,0.01245398048
0x0998e2c8e8a2b5a4a990e90bcc36d5f154104c4e,0.01215386665
0x9334bbc9047b332c45195187535576defdc5d5e3,0.01189027171
0xaf4e5c4b1ebfec59c4b43454fee6043b202cbcc5,0.01033594109
0x413a9c69df59288ef9a7ebe78a2033dd2f3e1af3,0.01017913109
0x93bc565d94551eb63f6518e7e91c93357d6daf66,0.01016260829
0xd5f2de368439eed5527e88ea52a7fd44758aee99,0.01006281966
0x681de196044eeeaf3f8b9f4d174290b75a2d0794,0.009991127292
0xc50bbcfad6ee9aad31b1239c975c578137998005,0.009850221278
0xfa009ac9a9f03d9d4fb5a3cd8f6efed197fc7175,0.00957875423
0xb298e91ba793018c5e866920bdd38d2b1a683942,0.009529672948
0xfb5797d758c22c773925b0a64f227494490c0fca,0.009494445702
0xe75e20fdda1ea4d95c0e38672c6e28ff61d6ff3e,0.009431707747
0x3bb7a0f2fe88aba35408c64f588345481490fe93,0.009156808119
0xaf7dcb20b9c1f5f107f7f0eab726d6124c08f2f1,0.009056459305
0x6282cf103afea9e8d1c5d98870112b841454c4b5,0.008858213595
0xcb3ddc70da2b304d44df27b28b988f3963c56a1a,0.0087320089
0xe011a666a0f63558edecf942218ec6e82efffb66,0.008244361715
0x804ff56b4f515ea87e0871c664892f875ec78f6a,0.00815652868
0x3474141036120b47f5d998bfc5927662b8abc168,0.008067615249
0xa688b74e60e0fe088048b721fb21ffab42f07034,0.008043333934
0x77589dbef63a2c71e4307792cc54afd975b48eb8,0.007884014081
0x7225766f8bdf60b09bbf21689fa2982648b73c7c,0.007771789263
0x10e2ed77e96d9b1936577cc419a29f7eba4347ba,0.007716170695
0x2536890c792921289776e583a2a8282dc083fcb8,0.007613628523
0x3056d76606f947169245d26ea3fce674bc88405a,0.007416873399
0x014c030867f4ebc8cb2c5e127a500ed93f0c4a5d,0.007163939847
0x3890c6b13de444029c30621e911f0d5b2361810b,0.007141537606
0x4e7ac3c42a831ab1e9b71c8091c74c2c631d1975,0.006794771135
0x3858a8088fcb8f9b9470f641bebe3d74e301592c,0.006557353362
0x68afdb137ad8e139fbcf17a39cea753dbb00b5f8,0.006407442587
0x5594846bd7303b635429bd6c89138d55de06102e,0.006373227727
0x585c1a6400bfb5c257ed0636a4a599e006bb8730,0.006307694073
0x39dab09d9279bde4e2de304dd314f778668c5f08,0.006268804601
0x90e302857c59a69d7be1834f84fadc98e8072d60,0.005930350395
0x609e24ffbfe02ef27716a00b2bb34883e29681e6,0.005924637462
0xc9637468479a4a941fa10a3f9363f11cd69407cb,0.005516407948
0x97d8a177692932a6ee5cd6812e625aaaedfc7dd6,0.005290480204
0x0b4465cb91f7a784faa39df1de3602eabcd36326,0.005274508506
0x65a284896b00fd806868cc4d46786c079c73e100,0.005118307479
0x7d63412d6b9aa0b4a1e51954ca50c4823c49fbe8,0.004991402388
0xd9aff5138d3c4118483fc60a26f89f18d516ceca,0.00465555963
0x7f7548c3857653bea7b2784a3f1202158d6ab7ff,0.004588330707
0x2971c791c510b3fba3cf0f341f9e2ed88cee8a0e,0.004398374733
0xd6d25ed2139723e75dd5fa49df90c8fcbc8a7198,0.004358134432
0xedf18ccc861bdbc8000c02c842a1841d2a3f50b5,0.004341474962
0x3ba5b492e2aac328f10d753350ac8ecffbe2294a,0.004279568966
0x30000450c27d9fc2a009a8828d94ae52f674395f,0.004071513968
0x087649b8d8e25ac8b148e01d64a2d82c464bc4dd,0.004013414508
0x2c20d9e735d9e5bb736270559ea2ec1ef42191ca,0.003986544864
0x11eca63fe090a187d6ac470d77d5d8c6b9fc9caf,0.003965357387
0x5881c90f30b5956ffc16c9ab8a0935c4f62dd43a,0.003801409528
0x11d8fb1913fd455dddd3d223daf24fe0dc2cf701,0.00374317133
0x764b086f286e8249eaf061682e4bba4e745f3ff2,0.003698694494
0x66a4378bca031a1095ba84fd037ff50f2d99ad25,0.003687481282
0xd2553b673fffd25cfcbb345c48c74cc17af1f374,0.003574013866
0xbbd838624bac17180365e6fc63d40581e0aaece7,0.003563651194
0xf696006bb0115ad3ea09e19f2488ae624dfcf380,0.003406075992
0x657670888af0936725879f35efdbf0b8bdce5ac6,0.003397602332
0x35586b09bccb20ef29b898768e4247ad41a83005,0.003106290394
0xd5d732145c57714a5679f81e6d89c8ec81ff1c5a,0.003054837411
0xc0a3fc464bcfc60cbe49edcf5427c1f092dd62f8,0.002989866894
0xa03e8d9688844146867decb457a7308853699016,0.002777487402
0x44bb51f7653d0076e0127ffd79aedcb563f68835,0.002764839945
0xfb546ed2b972a5677a645a4e81e75693dd3030ec,0.002726709041
0x3ac9bfe516bbfe259c8e788621480b67cf1b6177,0.002723781839
0x25060b85fb26ff638883a98c307aa12976e3966d,0.00269607892
0x9e96c020579b0d3d0bc6f93c3a6f252a1c08034c,0.002581027704
0x11ba107ad120684bde7af7084b8351c451196393,0.002550121606
0x95555f5c35cd07d7199bb902302aac80071892c5,0.002481331184
0x87d709e3185ee64c067aa1b1edc1d25f5b21fbd5,0.002427264694
0xf610c1166b3efb4c47ce99ef7e6e59d2dbed2000,0.002410204037
0xf965b08e081498405cc980a27245e1b57f2fe3e7,0.002352386864
0x63f47e2a54c72544807ddc0b90f64e279c21b2b4,0.002192920239
0xd495daac3bc1895912e3a68cab70cc827e48f1e4,0.002055437348
0x386ae6ac35bd57321fce1996d7c2e26903a0fbe6,0.002043880378
0x4a23a25ac6cf545287fe463d7141479d6f155f2c,0.002026469906
0x4b8ecfe0f3a4e7635c6c6e880e2274330f3966ab,0.002014382037
0x86cdc68ffdf25c961e6fdd4cad82c3f132d2472b,0.001991397792
0x47d94094c683e18455d7dbdaa51ba952af8e27ca,0.001958069892
0x16f8efe0b536921745b3159097c3bc079cc3e972,0.001635953041
0x54ec3a52bb86486dec2c31b8dce63ec1d28a53cc,0.001589627144
0xc4fba4bb815337f4d38e6fa7393c8d20b5e3c049,0.001540340216
0x7113cb1df5210f981ef46a26ffdacdea4303275d,0.001528499296
0x10f5843c7861dbeba031dff0ecec42c864657c04,0.001363874921
0xd1df4fa5e53504c1e648b7e3a530bd7b9aa62821,0.001238954293
0x4cedcd2c66563838a160cce63b00d328ab506ac3,0.00116315925
0x93d55a093e81ec6846772844033917025b77915b,0.001117540171
0x6038d5c18d866972bfba35c519e980a819541720,0.001044808374
0x7b64d8b912d793d0b9ffdc82aea78819ecf43171,0.001039016376
0xd6cca89a4c6fdbb71bf539a4eb8c5d64a25f4616,0.00101605371
0x047b878f7cb9fdabaf5689268d6c778c5ea02d98,0.0009439320213
0x1d29b18ec6f8dac2f5fcc9866bb1930d3ab733b8,0.0009153771497
0x8a295e7615eb491510eb8b0da0964e920f5368da,0.0008978540422
0xb4fdaeac702239ca11219e6fbb9b6e429bf0fec3,0.0008786209296
0x812b829cfaf8cf3532bfdca59277a7ea2edc9814,0.0007055696571
0xaaeec8eeb42414de278659f5e29a8b482d9623a6,0.0006719481597
0x5e4e5db248f7cd3a22662c68bc2c9cf9b4f6563f,0.0006700927959
0xda21d095d1d5ce0ab574ff4479876d9006bee211,0.0006497545619
0x79c632d117f4c6cbdf0eea75858f868478b6c421,0.0005959130831
0xe24669ad1451d21476e087b5a4e2294bd06ddc17,0.0005939436547
0x7aa6fc0ecec21138a68d4beb6541156be38aa36c,0.0005813442508
0xfef8c288ef5b0d2dad7b392b46fc4a0c170fea91,0.0005683722678
0xa2eaa041a775fd10f70d5da6726baf88f057253c,0.0005603410493
0x5e496096db871a8380f2a28caaeec1fa541a3c3d,0.0005517719755
0x62d8d0a93b05c091bd40a08234633c900721731c,0.0005466115932
0x8fe214c8941f34bad7999759257151f8e833bab6,0.000545529431
0xd3b588bb27e18d1920d4a4b2424807a7ac66fd29,0.0005043279822
0x0f11cb8e1fe941d1a675bf9f722d2f7dd3d429a0,0.0004716530561
0x39dbc6a17be421d355c81a0a4da6500529d4ed8e,0.0004550434423
0xa227bb25323e2370bc26a2faa90b41a3e000aec9,0.0004328210999
0xefd28b191e1cfbd51e0d3e3258a8d1ca4b67744b,0.0004307116556
0xb7bd93050317550ce3af9bb054bbd0ce739c4f77,0.0004185749063
0x42f3ffc4f1e6a182751b22c476871558075e51fa,0.000418340389
0x628d405f175821a6463274414720e64ade28fa74,0.0004060235106
0xabf2b35601da2b3a1bf1cdbae0c75ef7f2eed8d8,0.0003917355577
0x2e73930418310977a6a8dc8fc6df6c82802aefad,0.0003860161999
0x102da0207ba3e1b18fcc826fde188a133e0d27d4,0.0003670015235
0x9a926fca8935a90b83f8cd55a60e9451d8d31c2c,0.000363210931
0x39ac12771ab4fbe3671a743aeb773720c9333d34,0.0003582228785
0x2170ff281c91dfb1405f784252da5ebc3165a4f8,0.0003495133359
0x672cc4ecdd070de15145be9980aeef2aecc8354f,0.0003381047351
0x0f2c0331df0b71daee4aa32f5e401814c6f4de78,0.0002663463884
0x78a2993b7e54c8b9852d7e35f2f80e1f2fc9726d,0.0002048524845
0xbf3f8a96053a5f70c90d89a56a8f42160742f064,0.0001947953379
0x4d5401b9e9dcd7c9097e1df036c3afafc35d604f,0.0001842211928
0xa64249d4e733c19784c2821335c9ad1ffc40e216,0.0001775825851
0x1fec0361c57ef11ec520f0dd62aea5072a46f925,0.0001678624142
0x17a1f823c1048afed209fade2a23a478e618020c,0.0001661016837
0xe863c5601201ea860fe474dfb14930431027e624,0.0001599627765
0x87b66a93fa6cdc0e922671bd6203d1cd1b7e0258,0.0001474034108
0x3ccb7b28cb2ac4d90b9877b174217c2ca21da9e0,0.0001227299944
0x5fa5ca8b09e8e546745f3f6ec403c44f4e945563,0.0001211784591
0x9bd215c2530df574657510b2f991d5c326df7c50,0.0001139561097
0x92cccf547f0620c01909400f4d461dd275a818ee,0.0001131700302
0xe3cfbf8fb378f5c4cf780077ee5c2ffe7aaea6dc,0.0001120254583
0xd272c71bc769d6386132cf60a663765b3eae975a,0.0001037532185
0x993e98d835cc50cdda0e76850618139af5b5f05e,0.0001029858773
0x3248f6ae64d0d965f14ae41cb1e493be9d400e30,0.00009865822459
0x8c93aa3d286fca6cd8964e081472001b0915db82,0.00009814638732
0xd82f619f1865dcb38d83b1dfecac488e3c1f4f8c,0.00009261351077
0x3f953af6e449885bbe4ed62f02097aabeef8b409,0.00009233636235
0x9b66ccab4bfa12f972c149c12a684f06837b6bb9,0.00009218875426
0x0a471224e17cd28db60a200191aa3372eb24ce04,0.00008589330876
0xaf3160fab2ed86c2d88f7331a7a5e9666096cac0,0.00008398279978
0x38b2e29ca96c52370dd5a6089f028dab341ee394,0.00007754304299
0xff8fc7f3982a99bd5d7d23491aafc7064f4ead94,0.00007320439136
0x7c9a16e6c1393e0fc692570234aaec9c7beb8516,0.00007225259667
0x0a72b69a028c2f8fc948b68530c59881f05f004e,0.0000711599804
0xc74af07177534858e434357dbad518edb8bcfc09,0.00007033250123
0xda4b7de4dac32518d3e1208c2dc0dd8e5cf0c280,0.00006910883617
0x523e77f285dd40dd1ebae65e64e6241f75f0c33c,0.00006709515655
0xb0a96f4daff77420767c9b100693f408b7c6c3a2,0.00006573119303
0x27848bc99d204c4f3ef9480da256f31e7f516cd6,0.00006528202266
0x4b42391baa84d0d412c2c89ba78d05304a7d679b,0.00006360037684
0x0dd15019083cb70c6874666328c702c66872a29b,0.00004985796613
0xb38fe837e89b448f2d60e6a24c60da53f736f203,0.00004977327293
0x20779bc1055e5891b262203c8600ed048a867a4c,0.00004644581407
0x3c6154b55ee59dc181189ab3db3e258e4488c789,0.00004327351423
0xf53c008636a4de1e48002ea9f2dd92ae27f5d04e,0.0000424414434
0x4a6952ebfc741870ab79f5f0a3f0795788f826fd,0.0000376842365
0x5f0578eed9047b18ca11c1b2d31c514b0ecc3c8b,0.0000374808593
0xba83ba371dc14dded1c22e110294f53f2f63fc6c,0.00003673647314
0xaafb164259d27122530aef535dcd059f5b3dc844,0.00003271338932
0xc3417e35c2759f98e2d65e7059af623a1a55c1bc,0.0000318865576
0xc3407670036cfc6ac1717bda174c4bd236884b63,0.00003142801801
0x91d2eb9ce4530bb1fc7362015e13fef16941f194,0.00003079516643
0xb7145cd8fd0ac214db1308eee2995efa93675e76,0.00002830692892
0x28182cb84e7573c335098cfc43fd78c135a07d87,0.00002635245037
0x2a3fb29396db34d411e22fd56f062a22184c1795,0.0000262262965
0xcf44a5dc203cdaf539ea04e1ff97224cc9a9cb84,0.00001936764506
0x55014da330bb999551c3c56a05a794bbe41c0bca,0.00001885533238
0xa3192e0feefc3aeae8268f7e1a57d41376d7add5,0.00001512578461
0xdf1e8b96408d88292d83fcc5721eb277f9cc0bce,0.00001503684907
0x029aed4e47eb74e908e7a01176f020d590be71a9,0.00001475596861
0xd7dcedabd8bb83e889751a62156f558be2b6eaad,0.00001312764604
0xe683cabee8907e3bc6eeb79fad74b3e2f5a6631f,0.00001282617081
0x7b7c7a679a4d46e917b840a7b67e333018841f3f,0.000009859757423
0x2ed8fd70983b02f8c542aec7d4209bf2a36d9f71,0.000009443309569
0x4ab8aa403e9ca1512984aa267c4600696b593034,0.000008220189406
0x28bd2113effbc9f9c7b980705b1d011362d34b16,0.000008090111802
0x48725b3e33ac45b85ac62b9666423b40cbc411e8,0.000007933868083
0xd406c6634296e67a13db408f92904b98cc0a3a17,0.000007681817208
0xa8aa9aafa4bdea719b65314fea7070025e8ab47b,0.000007480544109
0xbe1c11e2c777002aa2dc21a38fd06d00b513d0ed,0.000006533863332
0xce967cef576fb28a767048e1a33ccea75cc971af,0.000006337353401
0xd0aa673ed693e85eda20925e73c739db98f78bea,0.000006267550065
0xd5853cef02aa2d7ddd787ce812704947a748c755,0.000006193256154
0x58d1593f739cbcff66c1e9b0f4c16301ad1c2a2e,0.00000586428877
0xe82de5de03da1358c7b32f9947a0a9e46a827d6d,0.000005852121923
0x094e1e9050279a50e9e8861aa54265997ac29457,0.00000559564479
0xd65bded14d1b40aee9f2ee9b97dfc80df8294d22,0.000005575891396
0xf030fac292bedd2d44fc2bc729911024dc8d7977,0.000004929056748
0x3f53a5470687c697a1bececc22355985b4d777fd,0.000004706278403
0xa29d453306fdfd5a8b6129ed159f360b7898d67e,0.000004313691876
0x4340bf91a35fb413e67864745b2078cce8278bfe,0.000004161539345
0xca99d35880ce5f6c62ebdc82bdaa02a8ea96101f,0.000004029040137
0x39a95ecbaa4e4b376f57553b3ba87b8fe3a2850d,0.000003521537938
0xfa2863d56c8c18895a7d64cecbe8c72c991e7767,0.00000302835351
0xfb59cb0397302654d2d482c6865a47e997d7ce99,0.000003007769303
0xbdce633bb68802a3a22df6c5e56172210a98dbc3,0.000002823122704
0xf4aa068fe19b3d9663957be28f201420119f6141,0.000002632627705
0x7ab4da334dd1b97a2d360f90212959b1575963d2,0.000001873550407
0x69090e74d9ce48ed20880f019b94b1436bdac55a,0.0000009898007349
0xb782b2b6b0e10d82325c1f4ba87fc1cbb129c41c,0.0000009878994837
0x7dd1ac7e70dc9375cd6f0b2241590c83f8bd712a,0.0000009862457576
0x03691bb23cfee8337eca8671bbef06a32480da56,0.000000983094416
0xa76ea7ebf9e955ad6fcd6d356a421146e533da7e,0.0000009711627026
0x318fa899f69dc2db7d629484799a6c628516305b,0.0000009646034924
0xab1193d632bb19272380f0cdc211606dd43bedd0,0.0000009534347901
0x8f6c48b161548e144575166ad1131ffa5d1fb194,0.0000009528731001
0xf941ba82082058ee2f10c195e912b80091a067f8,0.0000009525943792
0x5e74038eeb206d996879af5335ff2ecc2bb0f934,0.0000009399463649
0xb98f6d625ae638798f244c4b16a7f09c3bfd7770,0.000000934082571
0x0396cecc2c544d66fbd3ae8695d5ccc52bc52190,0.0000009197609246
0x16c7428a7ad6c25bece882083d0cfe13e8d3e61f,0.0000009191531561
0x9d99a04be9d03ddbe67a7fb192193d5e5cd08c04,0.0000009126983487
0xe45bb0409adc463bc195a80fc781f1b5bc9eb1f8,0.000000904260528
0xce10460277b9608650209079e49943359c79b304,0.0000009026398235
0xf1c6e09e5169a36fbddda1e0ab6e887d026bb81c,0.0000009020555876
0x12bf8bda7b6dc4a25e7c33aab091f7808d7f9968,0.0000008967748307
0xbf40620a52e7c16563bd048d6107f02756c91634,0.0000008967304333
0x8ed508ab5c8a80c52acd65955adbb39a6bdde3cb,0.0000008846376471
0x0f2634733310a2c602b15e3107743eef5cff2ed3,0.0000008815867143
0xfa065203e2644ffa174514512d5cb9a5a32896b9,0.0000008807932362
0x782557488037da9d1861d32adfeb66d46ff3ab16,0.0000008767705932
0xb2c7ae9afa424c91854d179bc2bb6dc29883c263,0.0000008721821333
0xec9cb02913e449813335ec2c2cd376955ae2a168,0.0000008704020659
0x74c2c38d8207a89c3597faffc0e6a25d67253a91,0.0000008613558238
0xbba23a5037c97b04a26026292eccfb69c33dad16,0.0000008604805588
0x7ab63ceba201137cef7cf1e953d23ddb7ae1fbf1,0.0000008579253167
0x7df2c98ec478367219f853d0c1f5bafa33b4535a,0.0000008537995962
0x7d766eaf69a82bc140a1f936b8336c4d67acaf78,0.000000849982499
0xc0ed45a5e8bfd1b30ba971105e5bcc669246e9bd,0.0000008422834667
0xde338182e175d7f945fa3578729ada16544a8d3c,0.0000008307585208
0xc1319e742720dc5abbc4aab3aeac6684f9dc2e34,0.0000008289329879
0x8238a8a5ca82960c5201dea83a96af73c4b56ee4,0.000000828807193
0x11742ef4a62d7f7a8d90be9fc425037eef01a99c,0.000000821830602
0x0ec4e7046046f0bb0d637660661f00a0f78cb524,0.0000008121848151
0x468090acf0cfd86f33d689f3c7ebc61698a123e9,0.0000008109008459
0xe9ae87000ad60253d78e7081a28f3735fd6742c3,0.0000008046330334
0xfca9dbdd1680fed36d00c59dc6a1f66b0621554c,0.0000007987211772
0xce101c7613b65ffd98b112ffb050810c8f892ce9,0.0000007947800331
0x966fc7cd243c7a27de9d753b89f9e86ed046ba55,0.0000007935812333
0x429d5c6674774ac19429a771787f24968cba0a3b,0.0000007803157078
0xf7561ac2ae27b0d4b5936b1b4a2c4f4f48f5cb35,0.0000007765833954
0x6cc864ad00fa52245d7f93bb62aece8f55714c64,0.0000007625833037
0xfd9dcc0bde024969662a527342cced4fae9ecd09,0.0000007584311862
0x6668307a389fe5a06248a151bdfb8c4fb7680f7a,0.0000007582814834
0x745efb6572b3f8045d21e678ca37045113d6e6e4,0.0000007560002982
0xb6099b8c9a8973dee4e4b7b98924c305f3d3245d,0.0000007459477609
0xc34b8306f46f8d528ea9fe9a496ac00dddf83a03,0.0000007440685682
0x05980f6a1063dd0faf5bc8ddad8fd8508c9b282e,0.0000007370497929
0x0b170e45b5d351ad8ac87118e7a9bea28b2e50cf,0.0000007347374118
0xa7be6cad2e7c7667bee67738f6c0ec40fd01031d,0.0000007331207662
0x8251c79daf26fd410c14bb60669c81cc9d8f59d9,0.0000007297301638
0xe08ee066d724487e835dd728cb43b6cdc3d4b793,0.000000725547468
0xd1daa0557860133233c2775a6a000bc43f0776e5,0.0000007171610379
0xabdf220473a0c999e7eaa4a74cc7c9499bf49a0d,0.0000007160006566
0xb64116b78a7e36773a413bcb8943ccea43efb6cc,0.0000007154715408
0x9e8f2b0bf4f44dfa24984157eb4a95a15a0653b5,0.0000007148492241
0x1f82c09c3663262a7897c80550a1e5b896eef2ef,0.0000007142630633
0xf1e59842253831b7f9b802c685f15a4ab75698fa,0.0000007023071771
0xe42c658eb61cec8c853b00635c41e9c2f3f35a0b,0.0000007010431914
0xf7156cd0537db9d5619e7deadee91e989133fc40,0.0000006979109472
0x4eb8740e8768dc978e0bee5712391f89ae6e516b,0.0000006691724962
0xa0a9700c886b70e0fea5f44bb3260f756ea45fce,0.0000006655671852
0xdab75d770832e9e01ce5cbae3aacd74e93765a2a,0.000000661408877
0x8c3bbdd341c745de8b270d6c7812f4254f99e83b,0.000000656010319
0xe94d438e736da3ba1e1f419b21414a5ecff80b2f,0.0000006497095999
0xc53d7444b8b59e2ce02bd20c4e5ec36d3668d957,0.0000006495424896
0xa50e85fb761dcc43f45a069a408903946176679f,0.0000006448828961
0xb41ac0e6501f617194e84427a16b895629213b40,0.0000006353958753
0xc4726c60bb5a56a8c49476dbf2082ade44a9a1c1,0.0000006295204237
0xe4da30f849aaf25dae377e05c14799fecf09632c,0.0000006105484506
0x3b01570a6198107292d681587cb286a0b0c5a32f,0.0000005999999308
0xb8ceab077cc82869966be546099869edaa632c54,0.000000597233771
0x0b3fa3a3276cd38df022fa9462303fbfcd8dc40d,0.0000005931722556
0x10f31dbadf06acda96d877e26f330a936a35d29a,0.0000005810661268
0x7abd35d6437abceb934aeb028ab970ab0d4e9f87,0.000000581014169
0xd2c9ec0e78c4b61a6a5865f0a0f4fb0f2f142392,0.0000005790538778
0x8e136ab8d9bc932443ebee481ea3dafab3f2928f,0.0000005749241595
0x3beb9112848752fee4d5cc2c3be7cf4657939516,0.0000005668527177
0xed539443ba80748ccdc45e74cef4ba6451933fde,0.0000005656854416
0xbe2bd2c9e2aea11a127ee6d090a61d8811d08e5d,0.000000563921041
0xa3afc1b4518669dc5fbfde01d328dcecc268c8c2,0.0000005438659485
0xa8182a2db337dde8d7b3be1e0920d43a01f1a679,0.0000005435273938
0x0f6ef3febe904b2a0b9306a67870ec8cf49c474c,0.0000005388296004
0x9a690135d1ff84acb7cc7ac95fefd2ada3b52d04,0.0000005328437434
0x1a6cce6a9ee381af670c669293718a78277d1216,0.0000005282820457
0x403d94405c18d9cdbc59f13f6e5d4e98ad046754,0.000000521847057
0x10a8df5b12f256963a7807150dea6dc539a26712,0.000000521240409
0x32e764fb78abcd03862a401567aa0c03a6cae4e6,0.0000005173315276
0x2f1a4e712cfc6b89bbe869e0b080d85adc7401bd,0.0000005160454836
0x4a2df97a7bf1453a9eb1994b131501bd871b44f5,0.0000005139454995
0x0ba552fe0f67d2eef62a1e5a48f66aaac7d361e1,0.0000005080170336
0x3ff20ad354d0a4bdaaec6d3c208d24a63852a8ad,0.0000005075924125
0xe6083491707f7d8c6f7be943ee15d84cb3c9a944,0.0000005001284768
0x555a5e300614cb1412654ad213bd634cc6cc0f77,0.0000004994847416
0xc4c354d07d6a43271d709ee1bc5919e8c8715800,0.000000498778213
0x660b0f49e472324228fa199481d507a56b62a098,0.0000004957965546
0x02ec51dbf968ed7ad90ea89e8f5f3a88d078dab2,0.0000004877759014
0x1cb66538e2c39990e3c47bae4db7ff506955c42e,0.0000004808253864
0x46e7061d456eb240a2a31cbaee6a1abbac6f79c0,0.0000004768894432
0xd6b5fbd83d4401f034a980c50f120606e892e1ef,0.0000004737536561
0xc4edcc562c53b58a9c152cdbf3f1f5b910c6be3d,0.0000004581188934
0x711f74d5d6329f0406800f01d32d3ea879ad9186,0.0000004512347234
0x6e70535eebb9828fbd00d7eb5dbe3e2ef8f101a0,0.0000004414525379
0x0075bdc1618b852cccc29e20575304e5f22ecff6,0.0000004379661221
0x0213206843c3a8e5ee234fb959244b46888fbbab,0.0000004369926171
0x53a20e4755640c32c9e1961aaffee41051790e73,0.0000004348487377
0xba0ad761c162cf4834f45599698e197efe007a51,0.0000004254311215
0x474458df95d4c215baadb28862f01a90f987b69f,0.0000004239378983
0xca524b39c24e01413269615dd924b59ba9267b4e,0.000000418344662
0x9e29689288c46951305dd1b7f8f1733fcc38b49c,0.000000413367556
0xa2a05965edcdd60b018488c52569099b7bd5119a,0.0000004068734194
0x8e0c3d6586f9f027c9bf19f28cbb80d9fba1e75c,0.0000004059742939
0x054800887bbb52cc217eb1e8ebe8ceeae6a419f1,0.0000003988588346
0x128fe9e6039d4529bfe9764a77e84e76933ba0a4,0.0000003966549735
0xeb71c4b3c69e9ed898b2cf8afd8b3a6812fa8efa,0.0000003855717444
0xfea2cfbc52f2c6c4b9f3726167bb480a2effd74b,0.0000003835551099
0xd990925edd96207b430fb4be821b68dfec110d11,0.0000003814352984
0x42b89a4a13ee4b461a9137d19eb2785add12a8f0,0.000000381184042
0x3c333b6a26edb67aa870d558bf678a48d8ae7621,0.0000003790498937
0xe666229b102a7ac90ee1782b2777f6ccc65f31b2,0.0000003777927203
0x2df36e26a845a1ec9f4ced11e5f1f0b707a4cf42,0.000000377597047
0x991c1b22c452200ddc72d697b0da338933954aa0,0.0000003754533995
0x15185b4753592428f6549e18e394010c8b9b1b6b,0.0000003717732778
0x0d3190f3ab893f603e51999b802414f6e606e3f0,0.0000003710606572
0xb9b01fc4bc9ed4dcdcfcf546f11b4dbccb9cb4da,0.0000003707506426
0xf485c2528739ce710311299e9e808c41371a12a5,0.0000003640537255
0x8f0da86a2b8036461287e4cbf908cecb0238ef7f,0.0000003562473117
0x3817218a9a15f3ead7a50cad4081a1b2055cdaad,0.0000003518744014
0x38a773b598ce786f3c941cd9708e822829d245f4,0.0000003421722439
0x60f5889f64e2ef671b2013a0c20f71657a0a8c2b,0.000000339277073
0xa144799847a9f58a7b75182996bf1dc5e5b5e1d4,0.0000003358566244
0x3fce59bea9fd7d7be773088db54b562fdedbc438,0.000000334303431
0xd99d3d99a6de09c9a582522c1243b81f08844a2b,0.0000003321935954
0xb4ba287aac2c101e2f9ce567700d6037b1124466,0.0000003300089734
0x9f1b1b8d691bdae9d74a1b48fcba438114ada1aa,0.0000003262654047
0xc510fa88eeae9c93cee9801c1ca2be16fb66ee38,0.0000003190876318
0x67c7a6b0891fde5f8711f58efc91740229c6fb10,0.0000003082839966
0xb8ec95930d3c374cf6965a1d4106004796a2d29e,0.0000002958130146
0x3d6602b29e8bfafb2015c22d27512e8b77bfb733,0.000000289995566
0x39acd4d9cf6ec26bce916e9da206a5125fccea0f,0.0000002880904311
0x9ac27eaee68cf47f13ae46bcc5fe79b485cdaa4c,0.0000002847914969
0x8e3dee3be13c42b0d2961749d9314b22e470f953,0.0000002759113809
0xebd251b08ef436754e837d958fc0f36bedb07f30,0.0000002731750798
0xaf9039d66aa65d2fafa78d11a615673f53b3ffe8,0.0000002707597923
0x742c8e148feb33568f8efc7eb33ab4a685c8daf2,0.0000002674030589
0x8350c2d08a4776fa483ef53b9d042eebd7d6a7bb,0.0000002665311526
0x0f8d474f2e35b4698020750df15b6fa2c1f74b48,0.0000002626448996
0x8e87c83ae2c995186023ee20780a70a67bf21760,0.0000002616482138
0x49e1f3926f115eb6921dcdea7efb5c3f1937c298,0.0000002610763714
0x41d4e402c1a430090795620f892083631b9d529c,0.0000002572017772
0xffb6d3c42b07c17ed0b6be1136d2ebc599b2562e,0.0000002409744071
0xa00f18ce1c908d1fd980ac95b21fdef5a79481bf,0.0000002372269572
0xcbd0f13a3b9ea9402d9fa4aa2a65a7cba57fe796,0.0000002348886097
0x00a152ec87c0b33391931a453411b915b01fdc4d,0.0000002282540881
0xd677368881027e13ff4704112139d77ca25d5d58,0.0000002216906374
0xf5aca81406dc80cc5dfe4ae7a82f6a2d88f3d3bf,0.0000002206004782
0x9358d1b84dbcf8a061143afb31ba9ea228871d9d,0.0000002189270849
0x68c796d2efd48b4c10fe88ff7642da352f646351,0.0000002136842955
0xc48c83b4b6ee992c2105438fd3681d9f098b19d3,0.0000002122589188
0x122afe3846f36866c0f6f3d7d9b920f0cbe57245,0.0000002117777315
0xe7464e44ed57452fb62e7a662b9057471af0e456,0.000000196853051
0x204b7c2cb4114a22957f18e46df0b17c68599d5f,0.0000001952518318
0xb83573918b8084923d9b467f462190cae6772f21,0.0000001847318767
0xf2cffa6a450fde5ecb0d945cd31377d897a266d1,0.0000001808838391
0x016ff519ca441028e2b94d491154fe305f723592,0.0000001749394092
0xb772f081e0f9006c02b4d1f0b891e4636fd1cdd8,0.0000001722815051
0x07eb60db820e54255bdfa07b6a6085abff6917a4,0.0000001716336696
0xcc20acb2d3b3da438494cb3a9e1b5abd24d413a2,0.0000001667132446
0x0ca30098e2394a1f93fb9fa814864985cec2ec36,0.0000001656053889
0x0a06a969c0d59ebf2f80f02beb89e63ad777d898,0.0000001653810051
0xdcb51cc49dee5cc14a1797d43d647e2432f345d4,0.0000001573595955
0x59bbbf9108abf034994aa92616421d371f577f09,0.000000153345262
0xf254568ee6b6cb7b30cfca627ffafb463e918713,0.0000001433380155
0x608abbb25f5eb43821d1839014991d7d538b6514,0.0000001401534794
0xdb80b1859baec8bc718d34ddbdaee02a4cc89dca,0.0000001287937322
0xdcce27662c40aade0637969d621617847f4d0988,0.0000001264935762
0x36819476acf2925f6a42dddae1b0f14ef51b2b69,0.0000001231458788
0x1d4439a4923f5278b04396b216c9fdd8f787191f,0.0000001216592043
0x1660aa76c94483e328a3ecd7e75d568c4731cebd,0.0000001156289827
0xc19632db03e814dee3ae279d5b6ba11566b74d03,0.0000001106041755
0x2b6f7fd591277f141ad1f985bfcb2a5055e8d416,0.0000001103481912
0x2da56de89afc2d095a9bb3c6d52fa275a8102533,0.0000001084817523
0xa5b50dabead94d9a6f180830d5d997361c029eb9,0.0000001077866341
0x9a6520d6f8ce38ce0c6e002a842ace815bfe6a7a,0.0000001020885213
0x980712cde97d7d991dc2ee1a2446d9a369d0f19e,0.00000009644651422
0xa6b19d7e5bf17d9ec95157cc63d68a691d9ee4a3,0.00000009299514344
0x8194c13786713f8fe25b4a4311f40f603d2e8dae,0.00000009272270976
0xc21184b5b74c5b4420086af266fbfb8a3307941a,0.00000009267115183
0x7493751eda31def12c50514ccc386da9e0b08141,0.00000008652783203
0x5cbd858dd95eac5b0aec8fe2e487cc18709bee37,0.0000000863506865
0x5df1c9a1c5b63d7d8101ab34932e7f1e4eca06fc,0.00000008510262318
0x2e32a7ee40529d7ffc3b5978eba4390b61d6935f,0.00000008448007011
0xfe1a03406a598fb3c6223395e7d17b2f0e5e390d,0.00000007895420622
0xb111635174011d6b96d7cc29e430b80a1fff08fe,0.00000007540924542
0x49f7ffc3e0ae418aa3fb4b9deb76b7b56d84673a,0.00000006892732108
0xdbb5571d779ff342a590f0783524d56f515273ef,0.00000006880642481
0xd4547e7c54d9650f49a23b101dc9c88541c9ac1a,0.00000006804298544
0xa0d89f6cd38045592241fa9747672aafb11cd9a6,0.0000000677769976
0x2c76abdce5234ac4f1b659cdd093cafaae42502f,0.00000006410676439
0xe27e32867d77704eba8d63a9995b6e3731a3ab5a,0.00000005957408846
0x57d433839205571ff5070efaf64886d8ecebe868,0.00000005541986508
0x2cd45b96fe3de5d858f273d93928ee47b6781ed2,0.00000004861569136
0xb378ca26180f17e7f22b174c82c42c6affc7a00c,0.00000004750772895
0x561f87f5252d64ee844e394cc9850c9b983465f2,0.00000004724811726
0x4114ee416cce3c9c79fc7ff3453e7101d683369e,0.00000004666424452
0x3a632cac18df5b11c823e257f7f0d22e133d4b64,0.0000000397032666
0x0dca38af2c3e72b091b6a0030af66cf3a41101bd,0.00000003283886337
0xb99048a68259d9c01f5800a17ce40b109299b0de,0.00000003259288554
0xf05b5a38959b7048f18335d7a84db1c16902e117,0.00000002837753546
0xb02ea6666ff5004f461a95b165b4a68ba15acd24,0.00000002349883063
0x1e46d2897b9c769a4ac030ecfdc2c95812728403,0.00000001815018423
0xdf66abc39a6f6d3a93075e08ee6f61a680b412c0,0.0000000158260392
0x77971a1cc64adeaa5a782d943624810921e3c8e6,0.00000001469254828
0xc088df9e90f1fdf83c261db1f498fe7fd286df46,0.00000001030334469
0xcdaf5b9e218ff696d2dd43914a340ab7a13b13fe,0.000000009294551109
0x92d57322fefe6f416be027d37b81728434d08c2c,0.000000008977539927
0xfe0d823cc7137f911a76b9c8d432b4a092d91adf,0.000000007975296329
0x8ff16dcb2c662d098ebd19e0c1695db69cefa2ce,0.000000007919795106
0x91b2770ce8c7a4ad0cacf1cbb1d0065445f5ccba,0.000000006995007997
0x425ec4441e9d93572cbe246b30032d307871c752,0.000000006982405303
0xf24775948ef97b43849ef4beafafa77ffcde25e4,0.00000000640091398
0x3d751b2dae356a61888ab1162ebc3fd1b842f2cd,0.000000006252775465
0xfa85d2c432dfba5c76289be4ce06605d65e7ab6a,0.000000006132545018
0x0f02d10780bd1bc10796b39d2980d40d9042aacd,0.00000000541925351
0xd311e69e7d00348e18b47c299c664a8a943158d0,0.000000005244239882
0x11b9dd6d3129eb740011b1a948adcbcb67758a10,0.000000004739256871
0xf94ba77e2753af0edf070d947f2645b3df93001e,0.000000003858697135
0x5ff8457235afa8c8b1b344c26935f5952c83790e,0.000000003500415564
0x5a0ac23b69db12351510c31fc5adcbc2df8c04e5,0.000000003298856265
0x391a94d43276cc7a198106c5db2a0fec396159a2,0.000000002927162746
0xc2318664bb4c3cbe7d847b461383f9657a33642a,0.000000002102552058
0x5da68351bd082abda73e42ac981db51d9364fe69,0.000000001866297395
0xe8ea84cae300e07b59190e037edcbf1c9f796b56,0.000000001285585755
0x11cfb561cb2ac264ec7490cfc913fada4a612e83,0.000000000413298651
0xeac13958ce2de87369fd94dbf5aebaffb6c27693,0
0x9c1c754d53f1bba90e9c504f5989aa3b71c65624,0
0x67c069523115a6ffe9192f85426cf79f8b4ba7a5,0
0xb7e9beef9cc9f3047db8b502611f19b5fff75b1a,0
0x9fc33c46d9d6b26a37fc18e1a84b0920209f9748,0
0x7444a37a2bfe349b69ac6f4e55ceb747a46ebf11,0
0xe1a770800c8a4ca9402acdcc522005f5e0b4fe26,0
0x508e6cee1df3ef65ef666620f5d2a00710401e49,0
0xa653c78eabc2ce9c621cba6b542732f566708566,0
0xc52da69845c77b46d1823206ca5a79f3bc4dfce2,0
0xeb8e013b62211c7dcb12481379d1a879384a9000,0
0x02a52f2c6e855db480f0cbd4703032881ca25b03,0
0x7ec8415aeeaf27a332049bbdd43aab507f91373d,0
0x3e3086a014872dfbf106552dfc3a8f4066698bba,0
0xd08d0006f00040b400180f9500b00c5026ac0900,0
0x067436222b183d27acd05c08e51d77c2fb312e64,0
0x8b7345958322c08c296800e49074ba6db646ea8d,0
0xa803fb153bac9e04b45059c1c1c36734b4d163cb,0
0x3800091020a00290f20606b000000000e38c33ef,0
0x3ce6de67f53809910b36e4ead6b6ba1e4405cb06,0
0x8a6cec6d689d87143cf9306e08c8015a5db8aeac,0
0xc809edc59ea60f1561435fd21c7c10bfe0f6b37a,0
0x00a6e1ac0948551a6d7618bd59e4b58dc3882336,0
0xd4a3451ee54b54cb30886d57c70d41a3e6e6c864,0
0xddafaee37710700ac55bfa19bcf4a2ad39c18d0c,0
0x2487bfda096fc595bb021b2e2a2cf3bf7f0e33ce,0
0x1111111254eeb25477b68fb85ed929f73a960582,0
0x8e9c02d5afaecd33367411c470a5798dd75a4599,0
0xad206581fa35d2879ca6d9170b73a2480d065e44,0
0x2f2dd99235cb728fc79af575f1325eaa270f0c99,0
0xb97cd69145e5a9357b2acd6af6c5076380f17afb,0
0x3ce8942c7811846070949126be6992a380205955,0
0x9aaab2d4e8de6372078cd365c3a3f23774d36bab,0
0xce9cc1fa6df298854f77e92042fd2a3e7fb27eff,0
0xf081470f5c6fbccf48cc4e5b82dd926409dcdd67,0
0xe37e799d5077682fa0a244d46e5649f71457bd09,0
0xe4327fbb9b7ae1f9c8b62f13269f39cb22a16d96,0
0x9ced96fbd3681196daade322c0dab0c5699a1487,0
0x553db61a162483b3768b335cd61a42f8c782205c,0
0x999b105bd92683bd8c167019593c28d93664df1b,0
0x9f73b2694c701fb8ee6c4557f4bfea8a60d182c1,0
0xab16125cce480bd3eeffd4ac93393c373f0a5dde,0
0xfa000ac96119db8ae14f89f86f5e2948af19406c,0
0x05e07b62ff7ea96114c651839d5cee46be8a2f02,0
0x5e075f1f870265b2228ac1afb8921eeae983fe2f,0
0x3672f5f8a74d97e163382b4b94b76c04d4924b1c,0
0x955f891f622c3f497b5135faeefb8f2bc5f354c5,0
0xebd65079b866ada597ff9cb2380c50db26961b1e,0
0x2f3efba93d82b86c4ae9abc21745af2f44f76eeb,0
0x13ade8bb92c11dd77d9ef307b078eebd1467748f,0
0x8ec8244a929e59bc19c415d3380eb9c17601a5b2,0
0x1eba9555cbfc3ec0eef8b730854e2af921d633cc,0
0x7f6e90ae1e3f8e47b4821e4cc1511a319b1fc884,0
0x5a4559642aa3dcd9a5dd3c3f7417e3bcdc294d7d,0
0x46b3fdf7b5cde91ac049936bf0bdb12c5d22202e,0
0xa2909fb296d2c7335a13a62212e3502f1a228c35,0
0xc0ecb64bd291fcae47858209c295c2bcec92dc06,0
0x692e9876bc1fa88c7882ae11fab942495873986e,0
0xb5123c95cadabfa26e4f748042c08d484029d8eb,0
0xafdb5ed732e0530de7e102eac833efdc8c1dccf9,0
0x6a000f20005980200259b80c5102003040001068,0
0x2fef6792255c4a901d11d5a92bb45bd62efcb55c,0